{
    "mean_auc": 0.9885766446479668,
    "balanced_accuracy": 0.84190092878431,
    "avg_precision": 0.7610456170002416,
    "avg_sensitivity": 0.84190092878431,
    "avg_f1": 0.7903839439457934,
    "avg_specificity": 0.9867098490816106,
    "class_wise_metrics": {
        "Angioectasia": {
            "precision": 0.6893039049235993,
            "recall": 0.8169014084507042,
            "f1_score": 0.7476979742173112,
            "specificity": 0.988295490885833,
            "accuracy": 0.9830151252169601,
            "auc": 0.9837826447009528
        },
        "Bleeding": {
            "precision": 0.6895787139689579,
            "recall": 0.8662952646239555,
            "f1_score": 0.7679012345679013,
            "specificity": 0.9911240727826032,
            "accuracy": 0.9883461443094471,
            "auc": 0.9944159892429272
        },
        "Erosion": {
            "precision": 0.6798387096774193,
            "recall": 0.7298701298701299,
            "f1_score": 0.7039665970772443,
            "specificity": 0.9734926887894771,
            "accuracy": 0.9560500867840317,
            "auc": 0.9748864275872355
        },
        "Erythema": {
            "precision": 0.3202797202797203,
            "recall": 0.7710437710437711,
            "f1_score": 0.4525691699604743,
            "specificity": 0.9693084938427534,
            "accuracy": 0.9656583188693281,
            "auc": 0.9769409705942702
        },
        "Foreign Body": {
            "precision": 0.8764705882352941,
            "recall": 0.8764705882352941,
            "f1_score": 0.8764705882352941,
            "specificity": 0.9973404255319149,
            "accuracy": 0.9947929580957104,
            "auc": 0.9934040504499673
        },
        "Lymphangiectasia": {
            "precision": 0.8472222222222222,
            "recall": 0.8892128279883382,
            "f1_score": 0.8677098150782361,
            "specificity": 0.9965165621635316,
            "accuracy": 0.9942350607488222,
            "auc": 0.9941125930570922
        },
        "Normal": {
            "precision": 0.9882616951493182,
            "recall": 0.9318792219418898,
            "f1_score": 0.9592426590709169,
            "specificity": 0.964629388816645,
            "accuracy": 0.9396850979419786,
            "auc": 0.9899732270132737
        },
        "Polyp": {
            "precision": 0.6036585365853658,
            "recall": 0.594,
            "f1_score": 0.5987903225806451,
            "specificity": 0.9875255885363358,
            "accuracy": 0.975328539548723,
            "auc": 0.9784600179119753
        },
        "Ulcer": {
            "precision": 0.9448275862068966,
            "recall": 0.958041958041958,
            "f1_score": 0.9513888888888888,
            "specificity": 0.9989902814590433,
            "accuracy": 0.9982643193652369,
            "auc": 0.9998079195826262
        },
        "Worms": {
            "precision": 0.9710144927536232,
            "recall": 0.9852941176470589,
            "f1_score": 0.9781021897810219,
            "specificity": 0.9998754980079682,
            "accuracy": 0.999814034217704,
            "auc": 0.9999826063393485
        }
    }
}