{
    "mean_auc": 0.9459472806640654,
    "balanced_accuracy": 0.7426819977621143,
    "avg_precision": 0.45813750401507625,
    "avg_sensitivity": 0.7426819977621143,
    "avg_f1": 0.47376004072151945,
    "avg_specificity": 0.9507212426798495,
    "class_wise_metrics": {
        "Angioectasia": {
            "precision": 0.19683149303888622,
            "recall": 0.8249496981891348,
            "f1_score": 0.3178294573643411,
            "specificity": 0.8929964822513591,
            "accuracy": 0.8909000743863129,
            "auc": 0.9228127961887088
        },
        "Bleeding": {
            "precision": 0.42126514131897713,
            "recall": 0.871866295264624,
            "f1_score": 0.5680580762250453,
            "specificity": 0.9727382235465669,
            "accuracy": 0.9704934292090256,
            "auc": 0.9786049712609628
        },
        "Erosion": {
            "precision": 0.7507246376811594,
            "recall": 0.22424242424242424,
            "f1_score": 0.3453333333333333,
            "specificity": 0.9942578620551512,
            "accuracy": 0.9391272005950905,
            "auc": 0.8467261344740146
        },
        "Erythema": {
            "precision": 0.08852570650323459,
            "recall": 0.8754208754208754,
            "f1_score": 0.16079158936301793,
            "specificity": 0.8309441111461952,
            "accuracy": 0.8317629556161666,
            "auc": 0.9314744115186174
        },
        "Foreign Body": {
            "precision": 0.25212224108658743,
            "recall": 0.8735294117647059,
            "f1_score": 0.391304347826087,
            "specificity": 0.9442122593718338,
            "accuracy": 0.9427225390528143,
            "auc": 0.9641903569938614
        },
        "Lymphangiectasia": {
            "precision": 0.2862595419847328,
            "recall": 0.8746355685131195,
            "f1_score": 0.43134435657800146,
            "specificity": 0.9526252454240294,
            "accuracy": 0.9509670220679395,
            "auc": 0.9694046506526393
        },
        "Normal": {
            "precision": 0.9966821499668215,
            "recall": 0.48897208431675754,
            "f1_score": 0.6560742560742561,
            "specificity": 0.9947984395318595,
            "accuracy": 0.6095338457723779,
            "auc": 0.9488261828104874
        },
        "Polyp": {
            "precision": 0.2307032590051458,
            "recall": 0.538,
            "f1_score": 0.32292917166866747,
            "specificity": 0.9426177072671443,
            "accuracy": 0.9300768658566824,
            "auc": 0.9095633955987716
        },
        "Ulcer": {
            "precision": 0.4782608695652174,
            "recall": 0.8846153846153846,
            "f1_score": 0.6208588957055214,
            "specificity": 0.9825823551684968,
            "accuracy": 0.980845524423506,
            "auc": 0.987987085488032
        },
        "Worms": {
            "precision": 0.88,
            "recall": 0.9705882352941176,
            "f1_score": 0.9230769230769231,
            "specificity": 0.9994397410358565,
            "accuracy": 0.9993181254649145,
            "auc": 0.9998828216545582
        }
    }
}