{
    "mean_auc": 0.9832532775944545,
    "balanced_accuracy": 0.7771455287482277,
    "avg_precision": 0.8022348089423218,
    "avg_sensitivity": 0.7771455287482277,
    "avg_f1": 0.78747886831565,
    "avg_specificity": 0.9832790258088423,
    "class_wise_metrics": {
        "Angioectasia": {
            "precision": 0.8547619047619047,
            "recall": 0.7223340040241448,
            "f1_score": 0.7829880043620502,
            "specificity": 0.9960984969619443,
            "accuracy": 0.9876642697743615,
            "auc": 0.9661976335145507
        },
        "Bleeding": {
            "precision": 0.8580246913580247,
            "recall": 0.7743732590529248,
            "f1_score": 0.8140556368960469,
            "specificity": 0.997083623914284,
            "accuracy": 0.9921274485494669,
            "auc": 0.9863591338606733
        },
        "Erosion": {
            "precision": 0.6795302013422819,
            "recall": 0.7012987012987013,
            "f1_score": 0.6902428632296549,
            "specificity": 0.9744942244775322,
            "accuracy": 0.9549342920902554,
            "auc": 0.9698270103624981
        },
        "Erythema": {
            "precision": 0.5990990990990991,
            "recall": 0.4478114478114478,
            "f1_score": 0.51252408477842,
            "specificity": 0.9943795389958952,
            "accuracy": 0.9843168856930324,
            "auc": 0.974414708074323
        },
        "Foreign Body": {
            "precision": 0.784,
            "recall": 0.8647058823529412,
            "f1_score": 0.8223776223776224,
            "specificity": 0.994870820668693,
            "accuracy": 0.9921274485494669,
            "auc": 0.9890645486918173
        },
        "Lymphangiectasia": {
            "precision": 0.7771739130434783,
            "recall": 0.8338192419825073,
            "f1_score": 0.8045007032348804,
            "specificity": 0.9948065108619926,
            "accuracy": 0.9913835854202827,
            "auc": 0.9857065488446675
        },
        "Normal": {
            "precision": 0.9674219820982178,
            "recall": 0.9763978188329129,
            "f1_score": 0.9718891769280622,
            "specificity": 0.894928478543563,
            "accuracy": 0.956979915695512,
            "auc": 0.9910827126220393
        },
        "Polyp": {
            "precision": 0.5684647302904564,
            "recall": 0.548,
            "f1_score": 0.5580448065173116,
            "specificity": 0.9866939611054247,
            "accuracy": 0.9730969501611704,
            "auc": 0.9700847620266122
        },
        "Ulcer": {
            "precision": 0.9786476868327402,
            "recall": 0.9615384615384616,
            "f1_score": 0.9700176366843033,
            "specificity": 0.9996213555471413,
            "accuracy": 0.9989461939003224,
            "auc": 0.9998744471482071
        },
        "Worms": {
            "precision": 0.9552238805970149,
            "recall": 0.9411764705882353,
            "f1_score": 0.9481481481481482,
            "specificity": 0.9998132470119522,
            "accuracy": 0.9995660798413092,
            "auc": 0.9999212707991564
        }
    }
}