{
    "mean_auc": 0.6136582390480734,
    "balanced_accuracy": 0.13786057305119603,
    "avg_precision": 0.09903925996051896,
    "avg_sensitivity": 0.13786057305119603,
    "avg_f1": 0.07246689535005843,
    "avg_specificity": 0.9280905008063577,
    "class_wise_metrics": {
        "Angioectasia": {
            "precision": 0.012987012987012988,
            "recall": 0.002012072434607646,
            "f1_score": 0.003484320557491289,
            "specificity": 0.9951391109689799,
            "accuracy": 0.9645425241755518,
            "auc": 0.5575838787119906
        },
        "Bleeding": {
            "precision": 0.0,
            "recall": 0.0,
            "f1_score": 0.0,
            "specificity": 0.9997464020795029,
            "accuracy": 0.9774981403421771,
            "auc": 0.6743254357124857
        },
        "Erosion": {
            "precision": 0.0,
            "recall": 0.0,
            "f1_score": 0.0,
            "specificity": 0.9997329238165187,
            "accuracy": 0.9281552194396231,
            "auc": 0.7230351473991722
        },
        "Erythema": {
            "precision": 0.0,
            "recall": 0.0,
            "f1_score": 0.0,
            "specificity": 0.9998736975055257,
            "accuracy": 0.981465410364493,
            "auc": 0.47797180307442383
        },
        "Foreign Body": {
            "precision": 0.032170416259102275,
            "recall": 0.8705882352941177,
            "f1_score": 0.06204800335394613,
            "specificity": 0.43610688956433635,
            "accuracy": 0.4452640714108604,
            "auc": 0.7014207677751951
        },
        "Lymphangiectasia": {
            "precision": 0.023255813953488372,
            "recall": 0.011661807580174927,
            "f1_score": 0.015533980582524271,
            "specificity": 0.9893596807904237,
            "accuracy": 0.9685717827919663,
            "auc": 0.6201278263809528
        },
        "Normal": {
            "precision": 0.9219793564055859,
            "recall": 0.49434361520306014,
            "f1_score": 0.6436026490066226,
            "specificity": 0.8663198959687907,
            "accuracy": 0.5830027274981403,
            "auc": 0.7518921697507055
        },
        "Polyp": {
            "precision": 0.0,
            "recall": 0.0,
            "f1_score": 0.0,
            "specificity": 0.9946264073694985,
            "accuracy": 0.9637986610463675,
            "auc": 0.500552136642784
        },
        "Ulcer": {
            "precision": 0.0,
            "recall": 0.0,
            "f1_score": 0.0,
            "specificity": 1.0,
            "accuracy": 0.9822712620877758,
            "auc": 0.5751056497459376
        },
        "Worms": {
            "precision": 0.0,
            "recall": 0.0,
            "f1_score": 0.0,
            "specificity": 1.0,
            "accuracy": 0.9957847756012894,
            "auc": 0.5545675752870869
        }
    }
}