{
    "mean_auc": 0.9564150312945271,
    "balanced_accuracy": 0.8042204104074132,
    "avg_precision": 0.4637978348954073,
    "avg_sensitivity": 0.8042204104074132,
    "avg_f1": 0.523492171349061,
    "avg_specificity": 0.9456938199617271,
    "class_wise_metrics": {
        "Angioectasia": {
            "precision": 0.30199039121482496,
            "recall": 0.8853118712273642,
            "f1_score": 0.4503582395087001,
            "specificity": 0.9349536296770067,
            "accuracy": 0.9334242499380114,
            "auc": 0.9705801164518291
        },
        "Bleeding": {
            "precision": 0.7260579064587973,
            "recall": 0.9080779944289693,
            "f1_score": 0.806930693069307,
            "specificity": 0.9922018639447157,
            "accuracy": 0.9903297793206051,
            "auc": 0.9956838022451893
        },
        "Erosion": {
            "precision": 0.2612359550561798,
            "recall": 0.8051948051948052,
            "f1_score": 0.3944856839872747,
            "specificity": 0.8243974093610202,
            "accuracy": 0.8230225638482519,
            "auc": 0.9038447986768746
        },
        "Erythema": {
            "precision": 0.17027863777089783,
            "recall": 0.5555555555555556,
            "f1_score": 0.26066350710900477,
            "specificity": 0.9492263972213452,
            "accuracy": 0.94197867592363,
            "auc": 0.9314997145436047
        },
        "Foreign Body": {
            "precision": 0.2693032015065913,
            "recall": 0.8411764705882353,
            "f1_score": 0.4079885877318117,
            "specificity": 0.9508611955420466,
            "accuracy": 0.9485494668980907,
            "auc": 0.9712047052863697
        },
        "Lymphangiectasia": {
            "precision": 0.1618942731277533,
            "recall": 0.8571428571428571,
            "f1_score": 0.27234830940250115,
            "specificity": 0.90360377477991,
            "accuracy": 0.9026159186709646,
            "auc": 0.9489431232985581
        },
        "Normal": {
            "precision": 0.9773001205303334,
            "recall": 0.3959469357857899,
            "f1_score": 0.563567911960614,
            "specificity": 0.9706111833550065,
            "accuracy": 0.5329159434664021,
            "auc": 0.8648132341549947
        },
        "Polyp": {
            "precision": 0.37979420018709076,
            "recall": 0.812,
            "f1_score": 0.5175270873167622,
            "specificity": 0.9575870010235414,
            "accuracy": 0.9530746342672948,
            "auc": 0.9785243730808598
        },
        "Ulcer": {
            "precision": 0.40482954545454547,
            "recall": 0.9965034965034965,
            "f1_score": 0.5757575757575758,
            "specificity": 0.9735579957086962,
            "accuracy": 0.973964790478552,
            "auc": 0.999057360662813
        },
        "Worms": {
            "precision": 0.9852941176470589,
            "recall": 0.9852941176470589,
            "f1_score": 0.9852941176470589,
            "specificity": 0.999937749003984,
            "accuracy": 0.9998760228118027,
            "auc": 0.9999990845441762
        }
    }
}