{
    "mean_auc": 0.9820552643258793,
    "balanced_accuracy": 0.8267653290346946,
    "avg_precision": 0.7565536367895433,
    "avg_sensitivity": 0.8267653290346946,
    "avg_f1": 0.7887500785388107,
    "avg_specificity": 0.986985413559559,
    "class_wise_metrics": {
        "Angioectasia": {
            "precision": 0.6580882352941176,
            "recall": 0.7203219315895373,
            "f1_score": 0.6878001921229587,
            "specificity": 0.9881036136872402,
            "accuracy": 0.9798537069179271,
            "auc": 0.970394352041253
        },
        "Bleeding": {
            "precision": 0.7719298245614035,
            "recall": 0.8579387186629527,
            "f1_score": 0.8126649076517151,
            "specificity": 0.994230647308692,
            "accuracy": 0.9911976196379866,
            "auc": 0.9872869031331881
        },
        "Erosion": {
            "precision": 0.6425531914893617,
            "recall": 0.6536796536796536,
            "f1_score": 0.648068669527897,
            "specificity": 0.9719570007344595,
            "accuracy": 0.9491693528390777,
            "auc": 0.9506314010487076
        },
        "Erythema": {
            "precision": 0.5318559556786704,
            "recall": 0.6464646464646465,
            "f1_score": 0.5835866261398176,
            "specificity": 0.9893274392169246,
            "accuracy": 0.9830151252169601,
            "auc": 0.9720470678790857
        },
        "Foreign Body": {
            "precision": 0.852054794520548,
            "recall": 0.9147058823529411,
            "f1_score": 0.8822695035460993,
            "specificity": 0.996580547112462,
            "accuracy": 0.9948549466898091,
            "auc": 0.990128285356696
        },
        "Lymphangiectasia": {
            "precision": 0.7744565217391305,
            "recall": 0.8309037900874635,
            "f1_score": 0.8016877637130801,
            "specificity": 0.9947431756286021,
            "accuracy": 0.9912596082320853,
            "auc": 0.9902324329205096
        },
        "Normal": {
            "precision": 0.9859403940057249,
            "recall": 0.9531211849922683,
            "f1_score": 0.9692530519346162,
            "specificity": 0.9565669700910273,
            "accuracy": 0.9539424745846764,
            "auc": 0.9894377884456733
        },
        "Polyp": {
            "precision": 0.5307346326836582,
            "recall": 0.708,
            "f1_score": 0.6066838046272494,
            "specificity": 0.9799769703172978,
            "accuracy": 0.9715472353087032,
            "auc": 0.9706345957011261
        },
        "Ulcer": {
            "precision": 0.9461279461279462,
            "recall": 0.9825174825174825,
            "f1_score": 0.9639794168096055,
            "specificity": 0.9989902814590433,
            "accuracy": 0.9986982395239276,
            "auc": 0.9997598167325542
        },
        "Worms": {
            "precision": 0.8717948717948718,
            "recall": 1.0,
            "f1_score": 0.9315068493150684,
            "specificity": 0.9993774900398407,
            "accuracy": 0.9993801140590132,
            "auc": 1.0
        }
    }
}