{
    "mean_auc": 0.5083612060652671,
    "balanced_accuracy": 0.10436124060965397,
    "avg_precision": 0.09894247178270368,
    "avg_sensitivity": 0.10436124060965397,
    "avg_f1": 0.048532353022205973,
    "avg_specificity": 0.9000615093159874,
    "class_wise_metrics": {
        "Angioectasia": {
            "precision": 0.031958762886597936,
            "recall": 0.06237424547283702,
            "f1_score": 0.04226312201772325,
            "specificity": 0.9399424368404221,
            "accuracy": 0.9129060252913463,
            "auc": 0.5092819790505103
        },
        "Bleeding": {
            "precision": 0.01875,
            "recall": 0.116991643454039,
            "f1_score": 0.032320123124278566,
            "specificity": 0.86064794268687,
            "accuracy": 0.8440986858418051,
            "auc": 0.49069572894126223
        },
        "Erosion": {
            "precision": 0.06060606060606061,
            "recall": 0.003463203463203463,
            "f1_score": 0.006552006552006552,
            "specificity": 0.9958603191560392,
            "accuracy": 0.924807835358294,
            "auc": 0.5101113482231195
        },
        "Erythema": {
            "precision": 0.017660044150110375,
            "recall": 0.026936026936026935,
            "f1_score": 0.021333333333333333,
            "specificity": 0.9718976949794759,
            "accuracy": 0.9545003719315646,
            "auc": 0.49437114009264316
        },
        "Foreign Body": {
            "precision": 0.025504782146652496,
            "recall": 0.1411764705882353,
            "f1_score": 0.043204320432043204,
            "specificity": 0.8838652482269503,
            "accuracy": 0.8682122489461939,
            "auc": 0.509700648876572
        },
        "Lymphangiectasia": {
            "precision": 0.021343596920923722,
            "recall": 0.17784256559766765,
            "f1_score": 0.03811308965948141,
            "specificity": 0.8228513522072329,
            "accuracy": 0.8091371187701463,
            "auc": 0.49804187031344666
        },
        "Normal": {
            "precision": 0.7606635071090048,
            "recall": 0.13062586473508586,
            "f1_score": 0.22296311731610752,
            "specificity": 0.8686605981794538,
            "accuracy": 0.3065335978180015,
            "auc": 0.5079721417849624
        },
        "Polyp": {
            "precision": 0.03429535232383808,
            "recall": 0.366,
            "f1_score": 0.06271418779986292,
            "specificity": 0.6703556806550666,
            "accuracy": 0.6609223902801884,
            "auc": 0.514432318321392
        },
        "Ulcer": {
            "precision": 0.010309278350515464,
            "recall": 0.0034965034965034965,
            "f1_score": 0.005221932114882507,
            "specificity": 0.9939416887542597,
            "accuracy": 0.9763823456484007,
            "auc": 0.5151934396538713
        },
        "Worms": {
            "precision": 0.008333333333333333,
            "recall": 0.014705882352941176,
            "f1_score": 0.010638297872340425,
            "specificity": 0.9925921314741036,
            "accuracy": 0.9884701214976445,
            "auc": 0.5338114453948911
        }
    }
}