{
    "mean_auc": 0.9744309880015118,
    "balanced_accuracy": 0.7642229016199672,
    "avg_precision": 0.7738626136450477,
    "avg_sensitivity": 0.7642229016199672,
    "avg_f1": 0.7566280135371005,
    "avg_specificity": 0.9769291637487993,
    "class_wise_metrics": {
        "Angioectasia": {
            "precision": 0.6194398682042833,
            "recall": 0.7565392354124748,
            "f1_score": 0.6811594202898551,
            "specificity": 0.9852254557083466,
            "accuracy": 0.9781800148772626,
            "auc": 0.9703939659704308
        },
        "Bleeding": {
            "precision": 0.7081081081081081,
            "recall": 0.3649025069637883,
            "f1_score": 0.48161764705882354,
            "specificity": 0.9965764280732898,
            "accuracy": 0.9825192164641706,
            "auc": 0.9469710147819684
        },
        "Erosion": {
            "precision": 0.6022374145431946,
            "recall": 0.8389610389610389,
            "f1_score": 0.7011577424023154,
            "specificity": 0.9572678106429859,
            "accuracy": 0.9487974212744855,
            "auc": 0.9696894834706146
        },
        "Erythema": {
            "precision": 0.6563876651982379,
            "recall": 0.5016835016835017,
            "f1_score": 0.5687022900763359,
            "specificity": 0.9950742027155036,
            "accuracy": 0.985990577733697,
            "auc": 0.9511545302514673
        },
        "Foreign Body": {
            "precision": 0.8532934131736527,
            "recall": 0.8382352941176471,
            "f1_score": 0.8456973293768546,
            "specificity": 0.9968971631205674,
            "accuracy": 0.9935531862137367,
            "auc": 0.9887041651767089
        },
        "Lymphangiectasia": {
            "precision": 0.8951310861423221,
            "recall": 0.6967930029154519,
            "f1_score": 0.7836065573770492,
            "specificity": 0.9982266134650706,
            "accuracy": 0.9918175055789735,
            "auc": 0.9838456378181141
        },
        "Normal": {
            "precision": 0.9545109291923369,
            "recall": 0.9204850655163994,
            "f1_score": 0.9371892608551541,
            "specificity": 0.8598179453836151,
            "accuracy": 0.9060252913463923,
            "auc": 0.9529786998279023
        },
        "Polyp": {
            "precision": 0.6135057471264368,
            "recall": 0.854,
            "f1_score": 0.7140468227424749,
            "specificity": 0.9827917093142272,
            "accuracy": 0.9787999008182494,
            "auc": 0.98964252814739
        },
        "Ulcer": {
            "precision": 0.8645833333333334,
            "recall": 0.8706293706293706,
            "f1_score": 0.867595818815331,
            "specificity": 0.9975388110564181,
            "accuracy": 0.9952888668484999,
            "auc": 0.990929854570521
        },
        "Worms": {
            "precision": 0.9714285714285714,
            "recall": 1.0,
            "f1_score": 0.9855072463768116,
            "specificity": 0.9998754980079682,
            "accuracy": 0.9998760228118027,
            "auc": 0.9999999999999999
        }
    }
}