{
    "mean_auc": 0.9645999701372743,
    "balanced_accuracy": 0.6095487665680603,
    "avg_precision": 0.698828073433478,
    "avg_sensitivity": 0.6095487665680603,
    "avg_f1": 0.6413325288508145,
    "avg_specificity": 0.9671303602506933,
    "class_wise_metrics": {
        "Angioectasia": {
            "precision": 0.7016129032258065,
            "recall": 0.5251509054325956,
            "f1_score": 0.6006904487917146,
            "specificity": 0.9929005436520627,
            "accuracy": 0.978489957847756,
            "auc": 0.957086812528513
        },
        "Bleeding": {
            "precision": 0.5915492957746479,
            "recall": 0.8189415041782729,
            "f1_score": 0.6869158878504673,
            "specificity": 0.9871299055347746,
            "accuracy": 0.9833870567815522,
            "auc": 0.9837144572183311
        },
        "Erosion": {
            "precision": 0.5115766262403528,
            "recall": 0.4017316017316017,
            "f1_score": 0.45004849660523766,
            "specificity": 0.9704213126794418,
            "accuracy": 0.9297049342920902,
            "auc": 0.9374725517077123
        },
        "Erythema": {
            "precision": 0.46258503401360546,
            "recall": 0.22895622895622897,
            "f1_score": 0.3063063063063063,
            "specificity": 0.9950110514682665,
            "accuracy": 0.9809075130176048,
            "auc": 0.9439747437537143
        },
        "Foreign Body": {
            "precision": 0.7940074906367042,
            "recall": 0.6235294117647059,
            "f1_score": 0.6985172981878089,
            "specificity": 0.996517223910841,
            "accuracy": 0.9886560872799405,
            "auc": 0.9650154210620419
        },
        "Lymphangiectasia": {
            "precision": 0.7044534412955465,
            "recall": 0.5072886297376094,
            "f1_score": 0.5898305084745763,
            "specificity": 0.9953765279625055,
            "accuracy": 0.984998760228118,
            "auc": 0.9518534972958811
        },
        "Normal": {
            "precision": 0.9282412847630239,
            "recall": 0.9643525677545374,
            "f1_score": 0.9459524189685454,
            "specificity": 0.7617685305591677,
            "accuracy": 0.9160674435903794,
            "auc": 0.9704585168990918
        },
        "Polyp": {
            "precision": 0.3338509316770186,
            "recall": 0.43,
            "f1_score": 0.3758741258741259,
            "specificity": 0.9725562947799385,
            "accuracy": 0.9557401438135383,
            "auc": 0.9426080475946776
        },
        "Ulcer": {
            "precision": 0.9782608695652174,
            "recall": 0.7867132867132867,
            "f1_score": 0.872093023255814,
            "specificity": 0.999684462955951,
            "accuracy": 0.9959087527894868,
            "auc": 0.9945919598513313
        },
        "Worms": {
            "precision": 0.9821428571428571,
            "recall": 0.8088235294117647,
            "f1_score": 0.8870967741935484,
            "specificity": 0.999937749003984,
            "accuracy": 0.9991321596826184,
            "auc": 0.9992236934614483
        }
    }
}