{
    "mean_auc": 0.9914622167571301,
    "balanced_accuracy": 0.7849987768132183,
    "avg_precision": 0.8516289671867769,
    "avg_sensitivity": 0.7849987768132183,
    "avg_f1": 0.8148873318697148,
    "avg_specificity": 0.9847096955498167,
    "class_wise_metrics": {
        "Angioectasia": {
            "precision": 0.8326271186440678,
            "recall": 0.7907444668008048,
            "f1_score": 0.8111455108359134,
            "specificity": 0.994947233770387,
            "accuracy": 0.9886560872799405,
            "auc": 0.9894738433800757
        },
        "Bleeding": {
            "precision": 0.8707865168539326,
            "recall": 0.8635097493036211,
            "f1_score": 0.8671328671328671,
            "specificity": 0.997083623914284,
            "accuracy": 0.9941110835606248,
            "auc": 0.9968327632972462
        },
        "Erosion": {
            "precision": 0.8015952143569293,
            "recall": 0.6961038961038961,
            "f1_score": 0.7451343836886005,
            "specificity": 0.9867129598718034,
            "accuracy": 0.9659062732457228,
            "auc": 0.9823918464300385
        },
        "Erythema": {
            "precision": 0.6196581196581197,
            "recall": 0.4882154882154882,
            "f1_score": 0.5461393596986818,
            "specificity": 0.9943795389958952,
            "accuracy": 0.9850607488222167,
            "auc": 0.9827929861715778
        },
        "Foreign Body": {
            "precision": 0.9213836477987422,
            "recall": 0.861764705882353,
            "f1_score": 0.8905775075987842,
            "specificity": 0.9984169199594731,
            "accuracy": 0.9955368212248946,
            "auc": 0.9943868637880683
        },
        "Lymphangiectasia": {
            "precision": 0.9088050314465409,
            "recall": 0.8425655976676385,
            "f1_score": 0.8744326777609682,
            "specificity": 0.9981632782316803,
            "accuracy": 0.9948549466898091,
            "auc": 0.9958204285487166
        },
        "Normal": {
            "precision": 0.9663064208518753,
            "recall": 0.9896638723854481,
            "f1_score": 0.9778456837280367,
            "specificity": 0.8897269180754226,
            "accuracy": 0.9658442846516241,
            "auc": 0.9949483331204294
        },
        "Polyp": {
            "precision": 0.6641651031894934,
            "recall": 0.708,
            "f1_score": 0.6853823814133592,
            "specificity": 0.9885491299897646,
            "accuracy": 0.9798537069179271,
            "auc": 0.9854147262026612
        },
        "Ulcer": {
            "precision": 0.9505703422053232,
            "recall": 0.8741258741258742,
            "f1_score": 0.9107468123861566,
            "specificity": 0.9991796036854727,
            "accuracy": 0.9969625588891644,
            "auc": 0.9929851481347126
        },
        "Worms": {
            "precision": 0.9803921568627451,
            "recall": 0.7352941176470589,
            "f1_score": 0.8403361344537815,
            "specificity": 0.999937749003984,
            "accuracy": 0.998822216712125,
            "auc": 0.9995752284977736
        }
    }
}