{
    "mean_auc": 0.9443924957072518,
    "balanced_accuracy": 0.8993125202813637,
    "avg_precision": 0.6722324707896461,
    "avg_sensitivity": 0.8993125202813637,
    "avg_f1": 0.7543227743320977,
    "avg_specificity": 0.9894724711331397,
    "class_wise_metrics": {
        "Angioectasia": {
            "precision": 0.7305785123966942,
            "recall": 0.8893360160965795,
            "f1_score": 0.8021778584392014,
            "specificity": 0.9895746722097858,
            "accuracy": 0.9864864864864865,
            "auc": 0.9394553441531827
        },
        "Bleeding": {
            "precision": 0.6706586826347305,
            "recall": 0.935933147632312,
            "f1_score": 0.7813953488372093,
            "specificity": 0.9895390857794966,
            "accuracy": 0.9883461443094471,
            "auc": 0.9627361167059043
        },
        "Erosion": {
            "precision": 0.86479802143446,
            "recall": 0.9082251082251083,
            "f1_score": 0.8859797297297297,
            "specificity": 0.9890498764772652,
            "accuracy": 0.9832630795933548,
            "auc": 0.9486374923511868
        },
        "Erythema": {
            "precision": 0.556745182012848,
            "recall": 0.8754208754208754,
            "f1_score": 0.680628272251309,
            "specificity": 0.9869276918219135,
            "accuracy": 0.9848747830399207,
            "auc": 0.9311742836213944
        },
        "Foreign Body": {
            "precision": 0.6453608247422681,
            "recall": 0.9205882352941176,
            "f1_score": 0.7587878787878788,
            "specificity": 0.9891084093211753,
            "accuracy": 0.9876642697743615,
            "auc": 0.9548483223076464
        },
        "Lymphangiectasia": {
            "precision": 0.6427104722792608,
            "recall": 0.9125364431486881,
            "f1_score": 0.7542168674698795,
            "specificity": 0.9889796693900818,
            "accuracy": 0.9873543268038681,
            "auc": 0.950758056269385
        },
        "Normal": {
            "precision": 0.997214734950584,
            "recall": 0.9033124440465533,
            "f1_score": 0.9479438015117223,
            "specificity": 0.9919375812743824,
            "accuracy": 0.924435903793702,
            "auc": 0.947625012660468
        },
        "Polyp": {
            "precision": 0.7639123102866779,
            "recall": 0.906,
            "f1_score": 0.8289112534309241,
            "specificity": 0.9910440122824974,
            "accuracy": 0.9884081329035458,
            "auc": 0.9485220061412487
        },
        "Ulcer": {
            "precision": 0.5938242280285035,
            "recall": 0.8741258741258742,
            "f1_score": 0.7072135785007072,
            "specificity": 0.9892086330935251,
            "accuracy": 0.987168361021572,
            "auc": 0.9316672536096997
        },
        "Worms": {
            "precision": 0.2565217391304348,
            "recall": 0.8676470588235294,
            "f1_score": 0.3959731543624161,
            "specificity": 0.9893550796812749,
            "accuracy": 0.9888420530622366,
            "auc": 0.9285010692524022
        }
    }
}