{
    "mean_auc": 0.3784321157823317,
    "balanced_accuracy": 0.1,
    "avg_precision": 0.07617010724691588,
    "avg_sensitivity": 0.1,
    "avg_f1": 0.08647336195369132,
    "avg_specificity": 0.9000196118957209,
    "class_wise_metrics": {
        "Angioectasia": {
            "precision": 0.0,
            "recall": 0.0,
            "f1_score": 0.0,
            "specificity": 0.9999360409338024,
            "accuracy": 0.9691296801388545,
            "auc": 0.5567422443197722
        },
        "Bleeding": {
            "precision": 0.0,
            "recall": 0.0,
            "f1_score": 0.0,
            "specificity": 1.0,
            "accuracy": 0.9777460947185718,
            "auc": 0.18701336704749327
        },
        "Erosion": {
            "precision": 0.0,
            "recall": 0.0,
            "f1_score": 0.0,
            "specificity": 1.0,
            "accuracy": 0.9284031738160179,
            "auc": 0.44424611243733897
        },
        "Erythema": {
            "precision": 0.0,
            "recall": 0.0,
            "f1_score": 0.0,
            "specificity": 1.0,
            "accuracy": 0.9815893875526903,
            "auc": 0.3362709294821704
        },
        "Foreign Body": {
            "precision": 0.0,
            "recall": 0.0,
            "f1_score": 0.0,
            "specificity": 1.0,
            "accuracy": 0.9789238780064469,
            "auc": 0.38099493786876454
        },
        "Lymphangiectasia": {
            "precision": 0.0,
            "recall": 0.0,
            "f1_score": 0.0,
            "specificity": 1.0,
            "accuracy": 0.9787379122241507,
            "auc": 0.44025742540983714
        },
        "Normal": {
            "precision": 0.7617010724691587,
            "recall": 1.0,
            "f1_score": 0.8647336195369132,
            "specificity": 0.0002600780234070221,
            "accuracy": 0.7617158442846517,
            "auc": 0.3449649861996933
        },
        "Polyp": {
            "precision": 0.0,
            "recall": 0.0,
            "f1_score": 0.0,
            "specificity": 1.0,
            "accuracy": 0.9690057029506571,
            "auc": 0.2780596852610031
        },
        "Ulcer": {
            "precision": 0.0,
            "recall": 0.0,
            "f1_score": 0.0,
            "specificity": 1.0,
            "accuracy": 0.9822712620877758,
            "auc": 0.46442044009253397
        },
        "Worms": {
            "precision": 0.0,
            "recall": 0.0,
            "f1_score": 0.0,
            "specificity": 1.0,
            "accuracy": 0.9957847756012894,
            "auc": 0.35135102970471055
        }
    }
}