{
    "mean_auc": 0.9925208448841835,
    "balanced_accuracy": 0.8312666952405404,
    "avg_precision": 0.8452576693801784,
    "avg_sensitivity": 0.8312666952405404,
    "avg_f1": 0.835782472727715,
    "avg_specificity": 0.9884869980992501,
    "class_wise_metrics": {
        "Angioectasia": {
            "precision": 0.8695652173913043,
            "recall": 0.8048289738430584,
            "f1_score": 0.8359456635318704,
            "specificity": 0.996162456028142,
            "accuracy": 0.9902677907265063,
            "auc": 0.9903812385023284
        },
        "Bleeding": {
            "precision": 0.8567335243553008,
            "recall": 0.8328690807799443,
            "f1_score": 0.844632768361582,
            "specificity": 0.9968300259937869,
            "accuracy": 0.9931812546491445,
            "auc": 0.9963481722848202
        },
        "Erosion": {
            "precision": 0.7432762836185819,
            "recall": 0.7896103896103897,
            "f1_score": 0.7657430730478589,
            "specificity": 0.9789677505508446,
            "accuracy": 0.9654103644929333,
            "auc": 0.984946412782428
        },
        "Erythema": {
            "precision": 0.5327868852459017,
            "recall": 0.6565656565656566,
            "f1_score": 0.5882352941176471,
            "specificity": 0.9892011367224502,
            "accuracy": 0.9830771138110588,
            "auc": 0.9843579463724711
        },
        "Foreign Body": {
            "precision": 0.9203821656050956,
            "recall": 0.85,
            "f1_score": 0.8837920489296636,
            "specificity": 0.9984169199594731,
            "accuracy": 0.9952888668484999,
            "auc": 0.9940266665176708
        },
        "Lymphangiectasia": {
            "precision": 0.8619718309859155,
            "recall": 0.892128279883382,
            "f1_score": 0.8767908309455588,
            "specificity": 0.9968965735638736,
            "accuracy": 0.994668980907513,
            "auc": 0.995935466013446
        },
        "Normal": {
            "precision": 0.9795786061588331,
            "recall": 0.9838040205094816,
            "f1_score": 0.9816867665570309,
            "specificity": 0.9344603381014305,
            "accuracy": 0.9720431440614927,
            "auc": 0.995022015190868
        },
        "Polyp": {
            "precision": 0.7724867724867724,
            "recall": 0.584,
            "f1_score": 0.6651480637813212,
            "specificity": 0.9944984646878199,
            "accuracy": 0.9817753533349863,
            "auc": 0.9845847620266122
        },
        "Ulcer": {
            "precision": 0.985239852398524,
            "recall": 0.9335664335664335,
            "f1_score": 0.9587073608617595,
            "specificity": 0.9997475703647608,
            "accuracy": 0.9985742623357302,
            "auc": 0.9996158391652523
        },
        "Worms": {
            "precision": 0.9305555555555556,
            "recall": 0.9852941176470589,
            "f1_score": 0.9571428571428572,
            "specificity": 0.9996887450199203,
            "accuracy": 0.9996280684354079,
            "auc": 0.9999899299859385
        }
    }
}