{
    "mean_auc": 0.9918443043555175,
    "balanced_accuracy": 0.9159058129658341,
    "avg_precision": 0.8977005652851956,
    "avg_sensitivity": 0.9159058129658341,
    "avg_f1": 0.9061062525844082,
    "avg_specificity": 0.9936917670050146,
    "class_wise_metrics": {
        "Angioectasia": {
            "precision": 0.8502772643253235,
            "recall": 0.9255533199195171,
            "f1_score": 0.8863198458574181,
            "specificity": 0.9948193156379916,
            "accuracy": 0.992685345896355,
            "auc": 0.989523324790444
        },
        "Bleeding": {
            "precision": 0.8528678304239401,
            "recall": 0.9526462395543176,
            "f1_score": 0.9,
            "specificity": 0.9962594306726685,
            "accuracy": 0.9952888668484999,
            "auc": 0.9955758112087102
        },
        "Erosion": {
            "precision": 0.8864265927977839,
            "recall": 0.8311688311688312,
            "f1_score": 0.8579088471849866,
            "specificity": 0.9917874073579489,
            "accuracy": 0.9802876270766179,
            "auc": 0.9757139590951436
        },
        "Erythema": {
            "precision": 0.7605177993527508,
            "recall": 0.7912457912457912,
            "f1_score": 0.7755775577557755,
            "specificity": 0.9953268077044521,
            "accuracy": 0.9915695512025787,
            "auc": 0.980901425580933
        },
        "Foreign Body": {
            "precision": 0.9042253521126761,
            "recall": 0.9441176470588235,
            "f1_score": 0.9237410071942446,
            "specificity": 0.9978470111448835,
            "accuracy": 0.9967146045127696,
            "auc": 0.9946164103939449
        },
        "Lymphangiectasia": {
            "precision": 0.9411764705882353,
            "recall": 0.9329446064139941,
            "f1_score": 0.9370424597364568,
            "specificity": 0.9987332953321933,
            "accuracy": 0.9973344904537566,
            "auc": 0.9983037051850138
        },
        "Normal": {
            "precision": 0.9902658486707566,
            "recall": 0.9852689834784731,
            "f1_score": 0.9877610966057441,
            "specificity": 0.9690507152145643,
            "accuracy": 0.9814034217703943,
            "auc": 0.9981072852009425
        },
        "Polyp": {
            "precision": 0.8018867924528302,
            "recall": 0.85,
            "f1_score": 0.8252427184466019,
            "specificity": 0.9932830092118731,
            "accuracy": 0.9888420530622366,
            "auc": 0.985830475946776
        },
        "Ulcer": {
            "precision": 0.9893617021276596,
            "recall": 0.9755244755244755,
            "f1_score": 0.9823943661971831,
            "specificity": 0.9998106777735706,
            "accuracy": 0.9993801140590132,
            "auc": 0.999927404414341
        },
        "Worms": {
            "precision": 1.0,
            "recall": 0.9705882352941176,
            "f1_score": 0.9850746268656716,
            "specificity": 1.0,
            "accuracy": 0.9998760228118027,
            "auc": 0.9999432417389266
        }
    }
}