{
    "mean_auc": 0.6432135602122979,
    "balanced_accuracy": 0.22707829669608665,
    "avg_precision": 0.1986205587716514,
    "avg_sensitivity": 0.22707829669608665,
    "avg_f1": 0.12926732244614128,
    "avg_specificity": 0.9089819477114188,
    "class_wise_metrics": {
        "Angioectasia": {
            "precision": 0.0,
            "recall": 0.0,
            "f1_score": 0.0,
            "specificity": 0.9956301747930083,
            "accuracy": 0.9872291904218928,
            "auc": 0.7885887267212015
        },
        "Bleeding": {
            "precision": 0.9390862944162437,
            "recall": 0.5538922155688623,
            "f1_score": 0.696798493408663,
            "specificity": 0.997037768452234,
            "accuracy": 0.9632839224629418,
            "auc": 0.921193406817567
        },
        "Erosion": {
            "precision": 0.12698412698412698,
            "recall": 0.16326530612244897,
            "f1_score": 0.14285714285714285,
            "specificity": 0.9873154981549815,
            "accuracy": 0.9781071835803877,
            "auc": 0.761204251073123
        },
        "Erythema": {
            "precision": 0.0,
            "recall": 0.0,
            "f1_score": 0.0,
            "specificity": 0.9986263736263736,
            "accuracy": 0.9947548460661345,
            "auc": 0.7525048480930834
        },
        "Foreign Body": {
            "precision": 0.0,
            "recall": 0.0,
            "f1_score": 0.0,
            "specificity": 0.9907770348166935,
            "accuracy": 0.9799315849486887,
            "auc": 0.16899642610099147
        },
        "Lymphangiectasia": {
            "precision": 0.0,
            "recall": 0.0,
            "f1_score": 0.0,
            "specificity": 0.9985815602836879,
            "accuracy": 0.9632839224629418,
            "auc": 0.6095851445130785
        },
        "Normal": {
            "precision": 0.8473389355742297,
            "recall": 0.17158252977878616,
            "f1_score": 0.28537735849056606,
            "specificity": 0.8731082654249127,
            "accuracy": 0.3090079817559863,
            "auc": 0.45752672480565126
        },
        "Polyp": {
            "precision": 0.014705882352941176,
            "recall": 0.09090909090909091,
            "f1_score": 0.02531645569620253,
            "specificity": 0.9846822130772748,
            "accuracy": 0.9824401368301027,
            "auc": 0.5704784470216568
        },
        "Ulcer": {
            "precision": 0.06036745406824147,
            "recall": 0.3812154696132597,
            "f1_score": 0.1042296072507553,
            "specificity": 0.7445290199809705,
            "accuracy": 0.7295324971493728,
            "auc": 0.5746690865316378
        },
        "Worms": {
            "precision": 0.011324470704086657,
            "recall": 0.8518518518518519,
            "f1_score": 0.022351797862001945,
            "specificity": 0.5392381826525929,
            "accuracy": 0.5411630558722919,
            "auc": 0.8273885404449884
        }
    }
}