{
    "mean_auc": 0.7313885957247453,
    "balanced_accuracy": 0.3234582545813109,
    "avg_precision": 0.2534473198295429,
    "avg_sensitivity": 0.3234582545813109,
    "avg_f1": 0.22741658935399717,
    "avg_specificity": 0.9361038307771766,
    "class_wise_metrics": {
        "Angioectasia": {
            "precision": 0.25,
            "recall": 0.4864864864864865,
            "f1_score": 0.3302752293577982,
            "specificity": 0.9875804967801288,
            "accuracy": 0.9833523375142531,
            "auc": 0.8106367637186406
        },
        "Bleeding": {
            "precision": 0.9106382978723404,
            "recall": 0.6407185628742516,
            "f1_score": 0.7521968365553603,
            "specificity": 0.9948160947914095,
            "accuracy": 0.9678449258836944,
            "auc": 0.9201897365476404
        },
        "Erosion": {
            "precision": 0.08121827411167512,
            "recall": 0.32653061224489793,
            "f1_score": 0.13008130081300814,
            "specificity": 0.9582564575645757,
            "accuracy": 0.9511972633979475,
            "auc": 0.8639228292793133
        },
        "Erythema": {
            "precision": 0.0,
            "recall": 0.0,
            "f1_score": 0.0,
            "specificity": 0.9867216117216118,
            "accuracy": 0.9828962371721779,
            "auc": 0.7399402068519716
        },
        "Foreign Body": {
            "precision": 0.0,
            "recall": 0.0,
            "f1_score": 0.0,
            "specificity": 0.9958496656675121,
            "accuracy": 0.9849486887115165,
            "auc": 0.785931135193298
        },
        "Lymphangiectasia": {
            "precision": 0.2631578947368421,
            "recall": 0.03225806451612903,
            "f1_score": 0.05747126436781609,
            "specificity": 0.9966903073286052,
            "accuracy": 0.9625997719498289,
            "auc": 0.4106352474643484
        },
        "Normal": {
            "precision": 0.9052880820836622,
            "recall": 0.650595575723199,
            "f1_score": 0.7570957095709571,
            "specificity": 0.7206053550640279,
            "accuracy": 0.6643101482326111,
            "auc": 0.7540558511955426
        },
        "Polyp": {
            "precision": 0.0891089108910891,
            "recall": 0.8181818181818182,
            "f1_score": 0.16071428571428573,
            "specificity": 0.9789666209419295,
            "accuracy": 0.978563283922463,
            "auc": 0.9831026312507795
        },
        "Ulcer": {
            "precision": 0.015503875968992248,
            "recall": 0.03314917127071823,
            "f1_score": 0.02112676056338028,
            "specificity": 0.909372026641294,
            "accuracy": 0.8732041049030786,
            "auc": 0.37310230719493664
        },
        "Worms": {
            "precision": 0.0033444816053511705,
            "recall": 0.07407407407407407,
            "f1_score": 0.0064,
            "specificity": 0.8632400183570446,
            "accuracy": 0.8583808437856328,
            "auc": 0.6723692485509832
        }
    }
}