{
    "mean_auc": 0.49745795219368744,
    "balanced_accuracy": 0.076694999320071,
    "avg_precision": 0.09622840530122238,
    "avg_sensitivity": 0.076694999320071,
    "avg_f1": 0.01665033771116543,
    "avg_specificity": 0.8997546594649368,
    "class_wise_metrics": {
        "Angioectasia": {
            "precision": 0.009108910891089108,
            "recall": 0.6216216216216216,
            "f1_score": 0.01795472287275566,
            "specificity": 0.4245630174793008,
            "accuracy": 0.42622576966932724,
            "auc": 0.5355242547054874
        },
        "Bleeding": {
            "precision": 0.07552721922511035,
            "recall": 0.9221556886227545,
            "f1_score": 0.13961922030825022,
            "specificity": 0.06936558874352011,
            "accuracy": 0.13432155074116306,
            "auc": 0.49049100022615844
        },
        "Erosion": {
            "precision": 0.010501750291715286,
            "recall": 0.3673469387755102,
            "f1_score": 0.02041973908111174,
            "specificity": 0.6088560885608856,
            "accuracy": 0.606157354618016,
            "auc": 0.5146801340462385
        },
        "Erythema": {
            "precision": 0.0037313432835820895,
            "recall": 0.8823529411764706,
            "f1_score": 0.007431260837255388,
            "specificity": 0.0831043956043956,
            "accuracy": 0.08620296465222349,
            "auc": 0.4557746175393234
        },
        "Foreign Body": {
            "precision": 0.00959311941779689,
            "recall": 0.6041666666666666,
            "f1_score": 0.018886356235753826,
            "specificity": 0.3096610560295135,
            "accuracy": 0.312884834663626,
            "auc": 0.4458919375912689
        },
        "Lymphangiectasia": {
            "precision": 0.042735042735042736,
            "recall": 0.03225806451612903,
            "f1_score": 0.03676470588235294,
            "specificity": 0.9735224586288416,
            "accuracy": 0.9402508551881414,
            "auc": 0.48868756196141233
        },
        "Normal": {
            "precision": 0.8028571428571428,
            "recall": 0.23908111174134997,
            "f1_score": 0.36844405594405594,
            "specificity": 0.7590221187427241,
            "accuracy": 0.3409350057012543,
            "auc": 0.5014467613609725
        },
        "Polyp": {
            "precision": 0.0039177277179236044,
            "recall": 0.36363636363636365,
            "f1_score": 0.007751937984496124,
            "specificity": 0.7674897119341564,
            "accuracy": 0.7664766248574686,
            "auc": 0.5501101550484266
        },
        "Ulcer": {
            "precision": 0.039047619047619046,
            "recall": 0.2265193370165746,
            "f1_score": 0.06661251015434606,
            "specificity": 0.7599904852521409,
            "accuracy": 0.7379703534777651,
            "auc": 0.48778327401948157
        },
        "Worms": {
            "precision": 0.006756756756756757,
            "recall": 0.2222222222222222,
            "f1_score": 0.013114754098360656,
            "specificity": 0.7976135842129417,
            "accuracy": 0.7940706955530217,
            "auc": 0.5041898254381045
        }
    }
}