{
    "mean_auc": 0.7632455382515035,
    "balanced_accuracy": 0.33663134956117685,
    "avg_precision": 0.27479721303288185,
    "avg_sensitivity": 0.33663134956117685,
    "avg_f1": 0.24258977285087888,
    "avg_specificity": 0.9567824324970033,
    "class_wise_metrics": {
        "Angioectasia": {
            "precision": 0.17094017094017094,
            "recall": 0.5405405405405406,
            "f1_score": 0.2597402597402597,
            "specificity": 0.9776908923643054,
            "accuracy": 0.9740022805017103,
            "auc": 0.7764924538153608
        },
        "Bleeding": {
            "precision": 0.9011857707509882,
            "recall": 0.6826347305389222,
            "f1_score": 0.7768313458262351,
            "specificity": 0.9938286842754875,
            "accuracy": 0.9701254275940707,
            "auc": 0.9438572866609413
        },
        "Erosion": {
            "precision": 0.027906976744186046,
            "recall": 0.12244897959183673,
            "f1_score": 0.045454545454545456,
            "specificity": 0.9517988929889298,
            "accuracy": 0.9425313568985176,
            "auc": 0.7475031064086151
        },
        "Erythema": {
            "precision": 0.0,
            "recall": 0.0,
            "f1_score": 0.0,
            "specificity": 0.9878663003663004,
            "accuracy": 0.984036488027366,
            "auc": 0.7468083387201034
        },
        "Foreign Body": {
            "precision": 0.0,
            "recall": 0.0,
            "f1_score": 0.0,
            "specificity": 0.9953885174083468,
            "accuracy": 0.9844925883694413,
            "auc": 0.5678416340019984
        },
        "Lymphangiectasia": {
            "precision": 0.46153846153846156,
            "recall": 0.03870967741935484,
            "f1_score": 0.07142857142857142,
            "specificity": 0.9983451536643027,
            "accuracy": 0.96442417331813,
            "auc": 0.5743979257225653
        },
        "Normal": {
            "precision": 0.9322183098591549,
            "recall": 0.9010209869540556,
            "f1_score": 0.9163541967118546,
            "specificity": 0.7310826542491269,
            "accuracy": 0.8677309007981756,
            "auc": 0.8436109407118382
        },
        "Polyp": {
            "precision": 0.08421052631578947,
            "recall": 0.7272727272727273,
            "f1_score": 0.1509433962264151,
            "specificity": 0.9801097393689986,
            "accuracy": 0.9794754846066135,
            "auc": 0.9788003491707196
        },
        "Ulcer": {
            "precision": 0.05357142857142857,
            "recall": 0.016574585635359115,
            "f1_score": 0.02531645569620253,
            "specificity": 0.9873929590865842,
            "accuracy": 0.9473204104903079,
            "auc": 0.5685462674327528
        },
        "Worms": {
            "precision": 0.125,
            "recall": 0.1111111111111111,
            "f1_score": 0.11764705882352941,
            "specificity": 0.9951812758145938,
            "accuracy": 0.9897377423033067,
            "auc": 0.8845970798701409
        }
    }
}