{
    "mean_auc": 0.6980735083705504,
    "balanced_accuracy": 0.17865624950040968,
    "avg_precision": 0.2299966002211204,
    "avg_sensitivity": 0.17865624950040968,
    "avg_f1": 0.10464564044130834,
    "avg_specificity": 0.9029813846942817,
    "class_wise_metrics": {
        "Angioectasia": {
            "precision": 0.2857142857142857,
            "recall": 0.05405405405405406,
            "f1_score": 0.09090909090909091,
            "specificity": 0.9988500459981601,
            "accuracy": 0.9908779931584949,
            "auc": 0.7599455481240209
        },
        "Bleeding": {
            "precision": 0.953125,
            "recall": 0.5479041916167665,
            "f1_score": 0.6958174904942965,
            "specificity": 0.9977783263391755,
            "accuracy": 0.9635119726339795,
            "auc": 0.9459060156655338
        },
        "Erosion": {
            "precision": 0.09090909090909091,
            "recall": 0.02040816326530612,
            "f1_score": 0.03333333333333333,
            "specificity": 0.9976937269372693,
            "accuracy": 0.9867730900798175,
            "auc": 0.8156793621507643
        },
        "Erythema": {
            "precision": 0.0,
            "recall": 0.0,
            "f1_score": 0.0,
            "specificity": 1.0,
            "accuracy": 0.9961231470923603,
            "auc": 0.839258780435251
        },
        "Foreign Body": {
            "precision": 0.0,
            "recall": 0.0,
            "f1_score": 0.0,
            "specificity": 0.9979248328337561,
            "accuracy": 0.9870011402508552,
            "auc": 0.8647586657443703
        },
        "Lymphangiectasia": {
            "precision": 0.0,
            "recall": 0.0,
            "f1_score": 0.0,
            "specificity": 1.0,
            "accuracy": 0.9646522234891676,
            "auc": 0.630397315640967
        },
        "Normal": {
            "precision": 0.7227722772277227,
            "recall": 0.020703346568349403,
            "f1_score": 0.04025365315687896,
            "specificity": 0.9674039580908033,
            "accuracy": 0.20615735461801596,
            "auc": 0.22294156761314754
        },
        "Polyp": {
            "precision": 0.0,
            "recall": 0.0,
            "f1_score": 0.0,
            "specificity": 0.9990855052583447,
            "accuracy": 0.9965792474344356,
            "auc": 0.9368167269401837
        },
        "Ulcer": {
            "precision": 0.005016722408026756,
            "recall": 0.016574585635359115,
            "f1_score": 0.007702182284980745,
            "specificity": 0.8584681255946718,
            "accuracy": 0.8237172177879133,
            "auc": 0.46159340486040656
        },
        "Worms": {
            "precision": 0.00786255096097845,
            "recall": 1.0,
            "f1_score": 0.015602427044206876,
            "specificity": 0.2182193666819642,
            "accuracy": 0.22303306727480046,
            "auc": 0.5034376965308586
        }
    }
}