{
    "mean_auc": 0.5821777693962819,
    "balanced_accuracy": 0.1398035669269863,
    "avg_precision": 0.11420985324656081,
    "avg_sensitivity": 0.1398035669269863,
    "avg_f1": 0.04891587800931868,
    "avg_specificity": 0.9020931924556793,
    "class_wise_metrics": {
        "Angioectasia": {
            "precision": 0.0,
            "recall": 0.0,
            "f1_score": 0.0,
            "specificity": 0.9609015639374425,
            "accuracy": 0.952793614595211,
            "auc": 0.5763569457221711
        },
        "Bleeding": {
            "precision": 0.2396694214876033,
            "recall": 0.17365269461077845,
            "f1_score": 0.2013888888888889,
            "specificity": 0.9545791162675883,
            "accuracy": 0.895096921322691,
            "auc": 0.7267943747163781
        },
        "Erosion": {
            "precision": 0.010101010101010102,
            "recall": 0.04081632653061224,
            "f1_score": 0.016194331983805668,
            "specificity": 0.9547970479704797,
            "accuracy": 0.9445838084378563,
            "auc": 0.5925450899917162
        },
        "Erythema": {
            "precision": 0.0,
            "recall": 0.0,
            "f1_score": 0.0,
            "specificity": 0.967032967032967,
            "accuracy": 0.9632839224629418,
            "auc": 0.7464851325145443
        },
        "Foreign Body": {
            "precision": 0.021897810218978103,
            "recall": 0.0625,
            "f1_score": 0.032432432432432434,
            "specificity": 0.9691030666359235,
            "accuracy": 0.9591790193842645,
            "auc": 0.3183988548151564
        },
        "Lymphangiectasia": {
            "precision": 0.008620689655172414,
            "recall": 0.0064516129032258064,
            "f1_score": 0.007380073800738007,
            "specificity": 0.9728132387706856,
            "accuracy": 0.938654503990878,
            "auc": 0.42819568367269123
        },
        "Normal": {
            "precision": 0.8280542986425339,
            "recall": 0.051900170164492346,
            "f1_score": 0.0976781425140112,
            "specificity": 0.9557625145518044,
            "accuracy": 0.2289623717217788,
            "auc": 0.5392104684508956
        },
        "Polyp": {
            "precision": 0.0,
            "recall": 0.0,
            "f1_score": 0.0,
            "specificity": 0.9510745313214449,
            "accuracy": 0.9486887115165337,
            "auc": 0.5987862160701667
        },
        "Ulcer": {
            "precision": 0.03211009174311927,
            "recall": 0.19337016574585636,
            "f1_score": 0.05507474429583006,
            "specificity": 0.7490485252140818,
            "accuracy": 0.7261117445838084,
            "auc": 0.46768862593373317
        },
        "Worms": {
            "precision": 0.017857142857142856,
            "recall": 0.6666666666666666,
            "f1_score": 0.034782608695652174,
            "specificity": 0.7728315741165672,
            "accuracy": 0.7721778791334093,
            "auc": 0.8273163020753659
        }
    }
}