{
    "mean_auc": 0.7237849719968785,
    "balanced_accuracy": 0.2617322364073281,
    "avg_precision": 0.2433095760233893,
    "avg_sensitivity": 0.2617322364073281,
    "avg_f1": 0.15536572178194175,
    "avg_specificity": 0.8862876772238728,
    "class_wise_metrics": {
        "Angioectasia": {
            "precision": 0.14,
            "recall": 0.5675675675675675,
            "f1_score": 0.22459893048128343,
            "specificity": 0.9703311867525299,
            "accuracy": 0.9669327251995439,
            "auc": 0.9118140679778215
        },
        "Bleeding": {
            "precision": 0.8745247148288974,
            "recall": 0.688622754491018,
            "f1_score": 0.7705192629815746,
            "specificity": 0.9918538632436436,
            "accuracy": 0.968757126567845,
            "auc": 0.9837823735397632
        },
        "Erosion": {
            "precision": 0.04964539007092199,
            "recall": 0.14285714285714285,
            "f1_score": 0.07368421052631578,
            "specificity": 0.9690959409594095,
            "accuracy": 0.9598631698973774,
            "auc": 0.9153150651404474
        },
        "Erythema": {
            "precision": 0.0,
            "recall": 0.0,
            "f1_score": 0.0,
            "specificity": 0.9979395604395604,
            "accuracy": 0.9940706955530216,
            "auc": 0.9180537599655246
        },
        "Foreign Body": {
            "precision": 0.08333333333333333,
            "recall": 0.020833333333333332,
            "f1_score": 0.03333333333333333,
            "specificity": 0.9974636845745908,
            "accuracy": 0.9867730900798175,
            "auc": 0.8171979478902467
        },
        "Lymphangiectasia": {
            "precision": 0.9,
            "recall": 0.05806451612903226,
            "f1_score": 0.10909090909090909,
            "specificity": 0.9997635933806147,
            "accuracy": 0.9664766248574687,
            "auc": 0.8375383207504004
        },
        "Normal": {
            "precision": 0.3867403314917127,
            "recall": 0.03970504821327283,
            "f1_score": 0.0720164609053498,
            "specificity": 0.7415599534342259,
            "accuracy": 0.17719498289623717,
            "auc": 0.21060810859888657
        },
        "Polyp": {
            "precision": 0.14634146341463414,
            "recall": 0.5454545454545454,
            "f1_score": 0.23076923076923078,
            "specificity": 0.9919981710105167,
            "accuracy": 0.9908779931584949,
            "auc": 0.9605935902232199
        },
        "Ulcer": {
            "precision": 0.0,
            "recall": 0.0,
            "f1_score": 0.0,
            "specificity": 0.6258325404376784,
            "accuracy": 0.6,
            "auc": 0.19815053803007926
        },
        "Worms": {
            "precision": 0.006594724220623501,
            "recall": 0.4074074074074074,
            "f1_score": 0.012979351032448377,
            "specificity": 0.61977971546581,
            "accuracy": 0.6184720638540478,
            "auc": 0.4847959478523958
        }
    }
}