{
    "mean_auc": 0.7364247038871267,
    "balanced_accuracy": 0.2813258855906134,
    "avg_precision": 0.27452309519735635,
    "avg_sensitivity": 0.2813258855906134,
    "avg_f1": 0.21466338624855313,
    "avg_specificity": 0.9479306878719168,
    "class_wise_metrics": {
        "Angioectasia": {
            "precision": 0.0,
            "recall": 0.0,
            "f1_score": 0.0,
            "specificity": 0.9990800367985281,
            "accuracy": 0.9906499429874572,
            "auc": 0.6971642755911386
        },
        "Bleeding": {
            "precision": 0.9387755102040817,
            "recall": 0.5508982035928144,
            "f1_score": 0.6943396226415094,
            "specificity": 0.997037768452234,
            "accuracy": 0.9630558722919043,
            "auc": 0.8967490839106778
        },
        "Erosion": {
            "precision": 0.019736842105263157,
            "recall": 0.12244897959183673,
            "f1_score": 0.0339943342776204,
            "specificity": 0.9312730627306273,
            "accuracy": 0.9222348916761688,
            "auc": 0.6845653851946683
        },
        "Erythema": {
            "precision": 0.0,
            "recall": 0.0,
            "f1_score": 0.0,
            "specificity": 0.983058608058608,
            "accuracy": 0.9792474344355758,
            "auc": 0.6616300366300366
        },
        "Foreign Body": {
            "precision": 0.15384615384615385,
            "recall": 0.041666666666666664,
            "f1_score": 0.06557377049180328,
            "specificity": 0.9974636845745908,
            "accuracy": 0.9870011402508552,
            "auc": 0.8720409653370225
        },
        "Lymphangiectasia": {
            "precision": 0.6,
            "recall": 0.01935483870967742,
            "f1_score": 0.0375,
            "specificity": 0.9995271867612293,
            "accuracy": 0.9648802736602052,
            "auc": 0.5224693052695798
        },
        "Normal": {
            "precision": 0.9272056356927205,
            "recall": 0.7838910947249007,
            "f1_score": 0.8495466420777624,
            "specificity": 0.7473806752037253,
            "accuracy": 0.7767388825541619,
            "auc": 0.830261744288396
        },
        "Polyp": {
            "precision": 0.1111111111111111,
            "recall": 0.8181818181818182,
            "f1_score": 0.1956521739130435,
            "specificity": 0.9835390946502057,
            "accuracy": 0.9831242873432156,
            "auc": 0.9930373695805794
        },
        "Ulcer": {
            "precision": 0.0,
            "recall": 0.0,
            "f1_score": 0.0,
            "specificity": 0.9911988582302569,
            "accuracy": 0.9502850627137971,
            "auc": 0.5537274418995852
        },
        "Worms": {
            "precision": 0.0,
            "recall": 0.0,
            "f1_score": 0.0,
            "specificity": 0.9522716842588343,
            "accuracy": 0.9464082098061574,
            "auc": 0.6526014311695816
        }
    }
}