{
    "mean_auc": 0.6166294524347171,
    "balanced_accuracy": 0.2826887991226136,
    "avg_precision": 0.09801572427142184,
    "avg_sensitivity": 0.2826887991226136,
    "avg_f1": 0.10433036784542915,
    "avg_specificity": 0.901583414117798,
    "class_wise_metrics": {
        "Angioectasia": {
            "precision": 0.02286902286902287,
            "recall": 0.2972972972972973,
            "f1_score": 0.04247104247104247,
            "specificity": 0.8919043238270469,
            "accuracy": 0.8868871151653364,
            "auc": 0.601177304259181
        },
        "Bleeding": {
            "precision": 0.7237762237762237,
            "recall": 0.6197604790419161,
            "f1_score": 0.667741935483871,
            "specificity": 0.9804986423105406,
            "accuracy": 0.9530216647662486,
            "auc": 0.893297212043452
        },
        "Erosion": {
            "precision": 0.012641383898868928,
            "recall": 0.3877551020408163,
            "f1_score": 0.024484536082474227,
            "specificity": 0.6577490774907749,
            "accuracy": 0.6547320410490308,
            "auc": 0.5720569131711725
        },
        "Erythema": {
            "precision": 0.0,
            "recall": 0.0,
            "f1_score": 0.0,
            "specificity": 0.9391025641025641,
            "accuracy": 0.9354618015963512,
            "auc": 0.4070243482008188
        },
        "Foreign Body": {
            "precision": 0.13793103448275862,
            "recall": 0.5833333333333334,
            "f1_score": 0.22310756972111553,
            "specificity": 0.9596495273230343,
            "accuracy": 0.9555302166476625,
            "auc": 0.8665456152486357
        },
        "Lymphangiectasia": {
            "precision": 0.12087912087912088,
            "recall": 0.07096774193548387,
            "f1_score": 0.08943089430894309,
            "specificity": 0.9810874704491725,
            "accuracy": 0.9489167616875712,
            "auc": 0.6096835201708228
        },
        "Normal": {
            "precision": 0.0,
            "recall": 0.0,
            "f1_score": 0.0,
            "specificity": 0.9569266589057043,
            "accuracy": 0.18745724059293045,
            "auc": 0.4560411696382172
        },
        "Polyp": {
            "precision": 0.00866738894907909,
            "recall": 0.7272727272727273,
            "f1_score": 0.017130620985010708,
            "specificity": 0.7908093278463649,
            "accuracy": 0.7906499429874573,
            "auc": 0.8538678970777736
        },
        "Ulcer": {
            "precision": 0.0,
            "recall": 0.0,
            "f1_score": 0.0,
            "specificity": 0.9988106565176023,
            "accuracy": 0.9575826681870011,
            "auc": 0.3632235282367227
        },
        "Worms": {
            "precision": 0.006779661016949152,
            "recall": 0.07407407407407407,
            "f1_score": 0.012422360248447204,
            "specificity": 0.9327673244607618,
            "accuracy": 0.9274800456100342,
            "auc": 0.5433770163003756
        }
    }
}