{
    "mean_auc": 0.7625353454239948,
    "balanced_accuracy": 0.3710300769183107,
    "avg_precision": 0.27602108013581994,
    "avg_sensitivity": 0.3710300769183107,
    "avg_f1": 0.24038584177909486,
    "avg_specificity": 0.9547901551024474,
    "class_wise_metrics": {
        "Angioectasia": {
            "precision": 0.13333333333333333,
            "recall": 0.5405405405405406,
            "f1_score": 0.21390374331550802,
            "specificity": 0.9701011959521619,
            "accuracy": 0.9664766248574687,
            "auc": 0.8009025584922549
        },
        "Bleeding": {
            "precision": 0.7311827956989247,
            "recall": 0.6107784431137725,
            "f1_score": 0.6655791190864601,
            "specificity": 0.9814860528264626,
            "accuracy": 0.9532497149372862,
            "auc": 0.8965062962201984
        },
        "Erosion": {
            "precision": 0.040740740740740744,
            "recall": 0.22448979591836735,
            "f1_score": 0.06896551724137931,
            "specificity": 0.9402675276752768,
            "accuracy": 0.9322690992018244,
            "auc": 0.7504683146321259
        },
        "Erythema": {
            "precision": 0.0,
            "recall": 0.0,
            "f1_score": 0.0,
            "specificity": 0.9885531135531136,
            "accuracy": 0.9847206385404789,
            "auc": 0.5779600301659125
        },
        "Foreign Body": {
            "precision": 0.45,
            "recall": 0.1875,
            "f1_score": 0.2647058823529412,
            "specificity": 0.9974636845745908,
            "accuracy": 0.9885974914481186,
            "auc": 0.9021260856198602
        },
        "Lymphangiectasia": {
            "precision": 0.4,
            "recall": 0.025806451612903226,
            "f1_score": 0.048484848484848485,
            "specificity": 0.9985815602836879,
            "accuracy": 0.9641961231470924,
            "auc": 0.41020819034545875
        },
        "Normal": {
            "precision": 0.9347759829320329,
            "recall": 0.8698241633579127,
            "f1_score": 0.9011311884824446,
            "specificity": 0.7508731082654249,
            "accuracy": 0.8465222348916762,
            "auc": 0.882257000548726
        },
        "Polyp": {
            "precision": 0.059782608695652176,
            "recall": 1.0,
            "f1_score": 0.11282051282051282,
            "specificity": 0.960448102423411,
            "accuracy": 0.9605473204104903,
            "auc": 0.9993972648293636
        },
        "Ulcer": {
            "precision": 0.0,
            "recall": 0.0,
            "f1_score": 0.0,
            "specificity": 0.9923882017126546,
            "accuracy": 0.9514253135689852,
            "auc": 0.5332536495103322
        },
        "Worms": {
            "precision": 0.10714285714285714,
            "recall": 0.1111111111111111,
            "f1_score": 0.10909090909090909,
            "specificity": 0.9942634235888022,
            "accuracy": 0.9888255416191563,
            "auc": 0.8722740638757159
        }
    }
}