{
    "mean_auc": 0.9531698286717717,
    "balanced_accuracy": 0.7552153563845794,
    "avg_precision": 0.47399858858418,
    "avg_sensitivity": 0.7552153563845794,
    "avg_f1": 0.48861408256255023,
    "avg_specificity": 0.9517191749030829,
    "class_wise_metrics": {
        "Angioectasia": {
            "precision": 0.19788644840447575,
            "recall": 0.8275563258232236,
            "f1_score": 0.3193979933110368,
            "specificity": 0.8938084656955532,
            "accuracy": 0.8917754673332092,
            "auc": 0.9320324321610491
        },
        "Bleeding": {
            "precision": 0.41900400686891814,
            "recall": 0.8776978417266187,
            "f1_score": 0.567222006974041,
            "specificity": 0.9723982269599978,
            "accuracy": 0.9702980828037333,
            "auc": 0.9836387817383219
        },
        "Erosion": {
            "precision": 0.7666666666666667,
            "recall": 0.23904974016332592,
            "f1_score": 0.36445953593661573,
            "specificity": 0.9943860453126343,
            "accuracy": 0.9402770760762624,
            "auc": 0.868009309427564
        },
        "Erythema": {
            "precision": 0.0844579226686884,
            "recall": 0.8060781476121563,
            "f1_score": 0.15289596486412296,
            "specificity": 0.8364394842344782,
            "accuracy": 0.8358816177839232,
            "auc": 0.9169220018255548
        },
        "Foreign Body": {
            "precision": 0.26229508196721313,
            "recall": 0.8888888888888888,
            "f1_score": 0.4050632911392405,
            "specificity": 0.9462175743582779,
            "accuracy": 0.9450102374557928,
            "auc": 0.9743885788483777
        },
        "Lymphangiectasia": {
            "precision": 0.29304029304029305,
            "recall": 0.9045226130653267,
            "f1_score": 0.4426683061789118,
            "specificity": 0.9528130178479259,
            "accuracy": 0.9517908899938842,
            "auc": 0.9745009275275348
        },
        "Normal": {
            "precision": 0.9973280832513008,
            "recall": 0.494853992952587,
            "f1_score": 0.6614900314795383,
            "specificity": 0.9957513416815742,
            "accuracy": 0.6139814396256016,
            "auc": 0.9528802453900007
        },
        "Polyp": {
            "precision": 0.2592852137351086,
            "recall": 0.6368330464716007,
            "f1_score": 0.36852589641434264,
            "specificity": 0.9419947866648374,
            "accuracy": 0.9325657457388252,
            "auc": 0.9369831677611018
        },
        "Ulcer": {
            "precision": 0.5048939641109299,
            "recall": 0.9336349924585219,
            "f1_score": 0.6553732133403918,
            "specificity": 0.9835697271546124,
            "accuracy": 0.9826893929321668,
            "auc": 0.992401487196471
        },
        "Worms": {
            "precision": 0.9551282051282052,
            "recall": 0.9430379746835443,
            "f1_score": 0.9490445859872612,
            "specificity": 0.9998130791209378,
            "accuracy": 0.9995745472917276,
            "auc": 0.999941354841741
        }
    }
}