{
    "mean_auc": 0.9550782667565585,
    "balanced_accuracy": 0.7899259940746342,
    "avg_precision": 0.45863103323575116,
    "avg_sensitivity": 0.7899259940746342,
    "avg_f1": 0.5152537598496336,
    "avg_specificity": 0.9454569072344015,
    "class_wise_metrics": {
        "Angioectasia": {
            "precision": 0.28588030214991283,
            "recall": 0.8526863084922011,
            "f1_score": 0.4281984334203655,
            "specificity": 0.9325707074863523,
            "accuracy": 0.930119392666259,
            "auc": 0.9654534261515065
        },
        "Bleeding": {
            "precision": 0.6949654491609082,
            "recall": 0.8441247002398081,
            "f1_score": 0.7623172712506767,
            "specificity": 0.9915970956952112,
            "accuracy": 0.9883266413167762,
            "auc": 0.9944409088072319
        },
        "Erosion": {
            "precision": 0.2651377260041257,
            "recall": 0.8110616184112843,
            "f1_score": 0.3996342021033379,
            "specificity": 0.8265402572107811,
            "accuracy": 0.8254314356369825,
            "auc": 0.9041981084341773
        },
        "Erythema": {
            "precision": 0.16629010393131496,
            "recall": 0.532561505065123,
            "f1_score": 0.2534435261707989,
            "specificity": 0.9500216708202406,
            "accuracy": 0.9423511580290903,
            "auc": 0.9326402852394273
        },
        "Foreign Body": {
            "precision": 0.258296681327469,
            "recall": 0.8156565656565656,
            "f1_score": 0.3923474035833586,
            "specificity": 0.949612929512427,
            "accuracy": 0.9467918206716834,
            "auc": 0.96392378559464
        },
        "Lymphangiectasia": {
            "precision": 0.16923453167033506,
            "recall": 0.8693467336683417,
            "f1_score": 0.2833162743091095,
            "specificity": 0.9077178017440439,
            "accuracy": 0.9069056292711464,
            "auc": 0.953007051912192
        },
        "Normal": {
            "precision": 0.9755474141603476,
            "recall": 0.39946969961274115,
            "f1_score": 0.5668316831683168,
            "specificity": 0.9679114490161002,
            "accuracy": 0.5346611003270668,
            "auc": 0.8615285446971614
        },
        "Polyp": {
            "precision": 0.3626666666666667,
            "recall": 0.8192771084337349,
            "f1_score": 0.5027726432532348,
            "specificity": 0.9540952119632322,
            "accuracy": 0.9499295343951923,
            "auc": 0.9778577768731275
        },
        "Ulcer": {
            "precision": 0.4082914572864322,
            "recall": 0.9803921568627451,
            "f1_score": 0.5764966740576497,
            "specificity": 0.9745019488956258,
            "accuracy": 0.9746057914749914,
            "auc": 0.9977327798561209
        },
        "Worms": {
            "precision": 1.0,
            "recall": 0.9746835443037974,
            "f1_score": 0.9871794871794872,
            "specificity": 1.0,
            "accuracy": 0.9998936368229319,
            "auc": 1.0
        }
    }
}