{
    "mean_auc": 0.9974408178964047,
    "balanced_accuracy": 0.9490124921148257,
    "avg_precision": 0.8668187095788792,
    "avg_sensitivity": 0.9490124921148257,
    "avg_f1": 0.9041490987452642,
    "avg_specificity": 0.9936709077166596,
    "class_wise_metrics": {
        "Angioectasia": {
            "precision": 0.7941834451901566,
            "recall": 0.9228769497400346,
            "f1_score": 0.8537074148296593,
            "specificity": 0.9924286066990371,
            "accuracy": 0.990294360092536,
            "auc": 0.9973179537802315
        },
        "Bleeding": {
            "precision": 0.8655282817502669,
            "recall": 0.9724220623501199,
            "f1_score": 0.9158667419536984,
            "specificity": 0.9965735730019307,
            "accuracy": 0.9960379716542133,
            "auc": 0.9995332208928965
        },
        "Erosion": {
            "precision": 0.8111524163568773,
            "recall": 0.8099480326651819,
            "f1_score": 0.8105497771173849,
            "specificity": 0.9854495460143786,
            "accuracy": 0.9728773898476347,
            "auc": 0.9874932994435995
        },
        "Erythema": {
            "precision": 0.7606132075471698,
            "recall": 0.9334298118668596,
            "f1_score": 0.8382066276803118,
            "specificity": 0.9945010293639615,
            "accuracy": 0.9933788922275109,
            "auc": 0.9980777927563951
        },
        "Foreign Body": {
            "precision": 0.9050410316529894,
            "recall": 0.9747474747474747,
            "f1_score": 0.9386018237082067,
            "specificity": 0.9977998098601114,
            "accuracy": 0.9973143297790305,
            "auc": 0.99965634890258
        },
        "Lymphangiectasia": {
            "precision": 0.8678611422172452,
            "recall": 0.9736180904522613,
            "f1_score": 0.9177027827116637,
            "specificity": 0.9967944364456277,
            "accuracy": 0.9963038795968836,
            "auc": 0.9994874674914875
        },
        "Normal": {
            "precision": 0.9954093620097596,
            "recall": 0.9607507937061717,
            "f1_score": 0.9777730436017611,
            "specificity": 0.9858005366726297,
            "accuracy": 0.966708325577685,
            "auc": 0.9959632608705555
        },
        "Polyp": {
            "precision": 0.7174479166666666,
            "recall": 0.9483648881239243,
            "f1_score": 0.8169014084507042,
            "specificity": 0.9880916449444368,
            "accuracy": 0.9868641476320897,
            "auc": 0.9969140068889321
        },
        "Ulcer": {
            "precision": 0.9634502923976608,
            "recall": 0.9939668174962293,
            "f1_score": 0.9784706755753526,
            "specificity": 0.9993233001299264,
            "accuracy": 0.9992288669662562,
            "auc": 0.9999648279373714
        },
        "Worms": {
            "precision": 0.9875,
            "recall": 1.0,
            "f1_score": 0.9937106918238994,
            "specificity": 0.9999465940345537,
            "accuracy": 0.9999468184114659,
            "auc": 1.0
        }
    }
}