{
    "mean_auc": 0.9968034628818809,
    "balanced_accuracy": 0.9198300445411339,
    "avg_precision": 0.8419351569472656,
    "avg_sensitivity": 0.9198300445411339,
    "avg_f1": 0.8700666193157527,
    "avg_specificity": 0.9923598233030511,
    "class_wise_metrics": {
        "Angioectasia": {
            "precision": 0.8486997635933806,
            "recall": 0.9332755632582322,
            "f1_score": 0.8889806025588114,
            "specificity": 0.9947329437906345,
            "accuracy": 0.9928470763421703,
            "auc": 0.9980625202386625
        },
        "Bleeding": {
            "precision": 0.865323435843054,
            "recall": 0.9784172661870504,
            "f1_score": 0.9184018007878447,
            "specificity": 0.9965463791368667,
            "accuracy": 0.9961443348312814,
            "auc": 0.9996214379215905
        },
        "Erosion": {
            "precision": 0.7136105860113422,
            "recall": 0.8407572383073497,
            "f1_score": 0.7719836400817995,
            "specificity": 0.9739638530060436,
            "accuracy": 0.9644215172707209,
            "auc": 0.985072216097832
        },
        "Erythema": {
            "precision": 0.6163753449862005,
            "recall": 0.9696092619392185,
            "f1_score": 0.7536557930258717,
            "specificity": 0.9887040849496154,
            "accuracy": 0.9883532321110432,
            "auc": 0.9980083073568357
        },
        "Foreign Body": {
            "precision": 0.8506493506493507,
            "recall": 0.9924242424242424,
            "f1_score": 0.916083916083916,
            "specificity": 0.9962515279098194,
            "accuracy": 0.9961709256255484,
            "auc": 0.999807219279581
        },
        "Lymphangiectasia": {
            "precision": 0.8868571428571429,
            "recall": 0.9748743718592965,
            "f1_score": 0.9287851585876721,
            "specificity": 0.9973105865094672,
            "accuracy": 0.9968356954822241,
            "auc": 0.9995537097074298
        },
        "Normal": {
            "precision": 0.9971802767780952,
            "recall": 0.9376897044970869,
            "f1_score": 0.9665204257767549,
            "specificity": 0.9915026833631485,
            "accuracy": 0.9504879410748,
            "auc": 0.9942378365843733
        },
        "Polyp": {
            "precision": 0.669501822600243,
            "recall": 0.9483648881239243,
            "f1_score": 0.7849002849002849,
            "specificity": 0.9850733982713679,
            "accuracy": 0.983939160262717,
            "auc": 0.9961731054905785
        },
        "Ulcer": {
            "precision": 0.9711538461538461,
            "recall": 0.9140271493212669,
            "f1_score": 0.9417249417249417,
            "specificity": 0.9995127760935469,
            "accuracy": 0.9980056904299731,
            "auc": 0.9977081818668768
        },
        "Worms": {
            "precision": 1.0,
            "recall": 0.7088607594936709,
            "f1_score": 0.8296296296296296,
            "specificity": 1.0,
            "accuracy": 0.9987768234637169,
            "auc": 0.9997900942750495
        }
    }
}