{
    "mean_auc": 0.9998119359388188,
    "balanced_accuracy": 0.9706515348510665,
    "avg_precision": 0.9701352985728006,
    "avg_sensitivity": 0.9706515348510665,
    "avg_f1": 0.9703743070460489,
    "avg_specificity": 0.9987720874813426,
    "class_wise_metrics": {
        "Angioectasia": {
            "precision": 0.9764397905759162,
            "recall": 0.9696707105719238,
            "f1_score": 0.9730434782608696,
            "specificity": 0.999259320220558,
            "accuracy": 0.9983513707554444,
            "auc": 0.9994190306351605
        },
        "Bleeding": {
            "precision": 0.9486873508353222,
            "recall": 0.9532374100719424,
            "f1_score": 0.9509569377990431,
            "specificity": 0.9988306638022462,
            "accuracy": 0.997819554870104,
            "auc": 0.9998772363285777
        },
        "Erosion": {
            "precision": 0.9570211189329382,
            "recall": 0.9587973273942093,
            "f1_score": 0.9579083997774893,
            "specificity": 0.9966774553891101,
            "accuracy": 0.9939638897013854,
            "auc": 0.9995537481002466
        },
        "Erythema": {
            "precision": 0.9093567251461988,
            "recall": 0.9001447178002895,
            "f1_score": 0.9047272727272727,
            "specificity": 0.9983205114313577,
            "accuracy": 0.9965166059510198,
            "auc": 0.9994791241162516
        },
        "Foreign Body": {
            "precision": 0.9530864197530864,
            "recall": 0.9747474747474747,
            "f1_score": 0.9637952559300874,
            "specificity": 0.9989678120331387,
            "accuracy": 0.9984577339325126,
            "auc": 0.9999319900073669
        },
        "Lymphangiectasia": {
            "precision": 0.9860406091370558,
            "recall": 0.9761306532663316,
            "f1_score": 0.9810606060606061,
            "specificity": 0.9997011762788297,
            "accuracy": 0.9992022761719893,
            "auc": 0.9999498832075675
        },
        "Normal": {
            "precision": 0.9990228581399406,
            "recall": 0.9987440253985975,
            "f1_score": 0.998883422310618,
            "specificity": 0.9968694096601073,
            "accuracy": 0.9982981891669104,
            "auc": 0.9999821502317631
        },
        "Polyp": {
            "precision": 0.9716981132075472,
            "recall": 0.9750430292598967,
            "f1_score": 0.9733676975945017,
            "specificity": 0.9990945259980794,
            "accuracy": 0.9983513707554444,
            "auc": 0.9999261967612528
        },
        "Ulcer": {
            "precision": 1.0,
            "recall": 1.0,
            "f1_score": 1.0,
            "specificity": 1.0,
            "accuracy": 1.0,
            "auc": 1.0
        },
        "Worms": {
            "precision": 1.0,
            "recall": 1.0,
            "f1_score": 1.0,
            "specificity": 1.0,
            "accuracy": 1.0,
            "auc": 1.0
        }
    }
}