{
    "mean_auc": 0.9632622872981024,
    "balanced_accuracy": 0.700380850849273,
    "avg_precision": 0.7232528643313912,
    "avg_sensitivity": 0.700380850849273,
    "avg_f1": 0.6976829470388926,
    "avg_specificity": 0.9742120247254391,
    "class_wise_metrics": {
        "Angioectasia": {
            "precision": 0.5720555961960497,
            "recall": 0.6776429809358753,
            "f1_score": 0.6203887346291155,
            "specificity": 0.9839519381120896,
            "accuracy": 0.9745526098864573,
            "auc": 0.9549110055107165
        },
        "Bleeding": {
            "precision": 0.5989717223650386,
            "recall": 0.2793764988009592,
            "f1_score": 0.3810302534750613,
            "specificity": 0.9957577570500096,
            "accuracy": 0.9798707687398622,
            "auc": 0.9393393234179416
        },
        "Erosion": {
            "precision": 0.5464674601164852,
            "recall": 0.8010393466963622,
            "f1_score": 0.649706457925636,
            "specificity": 0.9487010569128977,
            "accuracy": 0.9381232217406333,
            "auc": 0.9597880709353026
        },
        "Erythema": {
            "precision": 0.4603854389721627,
            "recall": 0.3111432706222865,
            "f1_score": 0.37132987910189985,
            "specificity": 0.993173691624228,
            "accuracy": 0.980641901773606,
            "auc": 0.911062510751126
        },
        "Foreign Body": {
            "precision": 0.7986486486486486,
            "recall": 0.7462121212121212,
            "f1_score": 0.7715404699738904,
            "specificity": 0.9959527366562543,
            "accuracy": 0.9906932220065413,
            "auc": 0.9792068450359908
        },
        "Lymphangiectasia": {
            "precision": 0.8783333333333333,
            "recall": 0.6620603015075377,
            "f1_score": 0.7550143266475645,
            "specificity": 0.9980168971231426,
            "accuracy": 0.9909059483606776,
            "auc": 0.9720372870300814
        },
        "Normal": {
            "precision": 0.9511850913696399,
            "recall": 0.9170707881240624,
            "f1_score": 0.933816476606629,
            "specificity": 0.8491726296958855,
            "accuracy": 0.9009227005610657,
            "auc": 0.9485972176860996
        },
        "Polyp": {
            "precision": 0.5585264408793821,
            "recall": 0.8089500860585198,
            "f1_score": 0.6608084358523726,
            "specificity": 0.9796131156537248,
            "accuracy": 0.9743398835323211,
            "auc": 0.9834071641208819
        },
        "Ulcer": {
            "precision": 0.8679549114331723,
            "recall": 0.8129713423831071,
            "f1_score": 0.839563862928349,
            "specificity": 0.9977804244261586,
            "accuracy": 0.9945222963809929,
            "auc": 0.9842736174991035
        },
        "Worms": {
            "precision": 1.0,
            "recall": 0.9873417721518988,
            "f1_score": 0.9936305732484076,
            "specificity": 1.0,
            "accuracy": 0.9999468184114659,
            "auc": 0.9999998309937802
        }
    }
}