{
    "mean_auc": 0.9967244599785621,
    "balanced_accuracy": 0.8696120078953011,
    "avg_precision": 0.9085436147155364,
    "avg_sensitivity": 0.8696120078953011,
    "avg_f1": 0.8850509714009209,
    "avg_specificity": 0.988203656385906,
    "class_wise_metrics": {
        "Angioectasia": {
            "precision": 0.9111747851002865,
            "recall": 0.8266897746967071,
            "f1_score": 0.8668786915038619,
            "specificity": 0.9974487696485886,
            "accuracy": 0.9922088972797617,
            "auc": 0.9956776326164586
        },
        "Bleeding": {
            "precision": 0.8048048048048048,
            "recall": 0.9640287769784173,
            "f1_score": 0.8772504091653028,
            "specificity": 0.9946971963125119,
            "accuracy": 0.9940170712899195,
            "auc": 0.9994554705676626
        },
        "Erosion": {
            "precision": 0.8872987477638641,
            "recall": 0.7364513734224202,
            "f1_score": 0.804868154158215,
            "specificity": 0.9927820582591012,
            "accuracy": 0.9744196559151221,
            "auc": 0.990574348655097
        },
        "Erythema": {
            "precision": 0.8705035971223022,
            "recall": 0.7004341534008683,
            "f1_score": 0.7762630312750601,
            "specificity": 0.9980496261783508,
            "accuracy": 0.9925811683995001,
            "auc": 0.9948279145567541
        },
        "Foreign Body": {
            "precision": 0.9661495063469676,
            "recall": 0.86489898989899,
            "f1_score": 0.9127248500999334,
            "specificity": 0.9993480918104034,
            "accuracy": 0.9965166059510198,
            "auc": 0.9987763860251297
        },
        "Lymphangiectasia": {
            "precision": 0.9334239130434783,
            "recall": 0.8630653266331658,
            "f1_score": 0.8968668407310705,
            "specificity": 0.9986688761511505,
            "accuracy": 0.9957986545058101,
            "auc": 0.9968893802090237
        },
        "Normal": {
            "precision": 0.9727257152646908,
            "recall": 0.990440637755992,
            "f1_score": 0.9815032498962799,
            "specificity": 0.9110017889087657,
            "accuracy": 0.9715478501342835,
            "auc": 0.9952957162054114
        },
        "Polyp": {
            "precision": 0.7410586552217453,
            "recall": 0.891566265060241,
            "f1_score": 0.809375,
            "specificity": 0.9900672245849911,
            "accuracy": 0.9870236923976919,
            "auc": 0.9961288306313076
        },
        "Ulcer": {
            "precision": 0.9982964224872232,
            "recall": 0.8838612368024132,
            "f1_score": 0.9376,
            "specificity": 0.9999729320051971,
            "accuracy": 0.9979259180471721,
            "auc": 0.9996202723685337
        },
        "Worms": {
            "precision": 1.0,
            "recall": 0.9746835443037974,
            "f1_score": 0.9871794871794872,
            "specificity": 1.0,
            "accuracy": 0.9998936368229319,
            "auc": 0.999998647950242
        }
    }
}