{
    "mean_auc": 0.9997229610636694,
    "balanced_accuracy": 0.9827431695137028,
    "avg_precision": 0.9523446126559989,
    "avg_sensitivity": 0.9827431695137028,
    "avg_f1": 0.9669302334024558,
    "avg_specificity": 0.9983061262029128,
    "class_wise_metrics": {
        "Angioectasia": {
            "precision": 0.9660729431721798,
            "recall": 0.987001733102253,
            "f1_score": 0.9764252036005143,
            "specificity": 0.9989026966230489,
            "accuracy": 0.9985375063153137,
            "auc": 0.9999144336329
        },
        "Bleeding": {
            "precision": 0.9222972972972973,
            "recall": 0.9820143884892086,
            "f1_score": 0.9512195121951219,
            "specificity": 0.9981236233105811,
            "accuracy": 0.9977663732815699,
            "auc": 0.9997801340142364
        },
        "Erosion": {
            "precision": 0.953939855348306,
            "recall": 0.9302152932442465,
            "f1_score": 0.9419282089832738,
            "specificity": 0.9965342422593303,
            "accuracy": 0.9917834445714894,
            "auc": 0.9990004691053982
        },
        "Erythema": {
            "precision": 0.8868421052631579,
            "recall": 0.975397973950796,
            "f1_score": 0.9290144727773949,
            "specificity": 0.9976703868241413,
            "accuracy": 0.9972611481904965,
            "auc": 0.9996337756825485
        },
        "Foreign Body": {
            "precision": 0.9205607476635514,
            "recall": 0.9949494949494949,
            "f1_score": 0.9563106796116505,
            "specificity": 0.9981529267961429,
            "accuracy": 0.9980854628127742,
            "auc": 0.999814284362023
        },
        "Lymphangiectasia": {
            "precision": 0.9264018691588785,
            "recall": 0.9962311557788944,
            "f1_score": 0.9600484261501211,
            "specificity": 0.9982885550514792,
            "accuracy": 0.9982450075783764,
            "auc": 0.9999626811627341
        },
        "Normal": {
            "precision": 0.9990153326768885,
            "recall": 0.9911035132400656,
            "f1_score": 0.9950436960367082,
            "specificity": 0.9968694096601073,
            "accuracy": 0.992474805222432,
            "auc": 0.9993667428048739
        },
        "Polyp": {
            "precision": 0.9561181434599156,
            "recall": 0.9750430292598967,
            "f1_score": 0.9654878568385172,
            "specificity": 0.998573192481822,
            "accuracy": 0.997846145664371,
            "auc": 0.9997609275665663
        },
        "Ulcer": {
            "precision": 0.9984871406959153,
            "recall": 0.995475113122172,
            "f1_score": 0.9969788519637462,
            "specificity": 0.9999729320051971,
            "accuracy": 0.9998936368229319,
            "auc": 0.9999961623054126
        },
        "Worms": {
            "precision": 0.9937106918238994,
            "recall": 1.0,
            "f1_score": 0.9968454258675079,
            "specificity": 0.9999732970172768,
            "accuracy": 0.999973409205733,
            "auc": 1.0
        }
    }
}