{
    "mean_auc": 0.9505951116888104,
    "balanced_accuracy": 0.9108280575591831,
    "avg_precision": 0.6928599432583521,
    "avg_sensitivity": 0.9108280575591831,
    "avg_f1": 0.7729337800249991,
    "avg_specificity": 0.9903621658184377,
    "class_wise_metrics": {
        "Angioectasia": {
            "precision": 0.728403593642018,
            "recall": 0.9133448873483535,
            "f1_score": 0.8104575163398693,
            "specificity": 0.989218994321455,
            "accuracy": 0.9868907384263568,
            "auc": 0.9512819408349041
        },
        "Bleeding": {
            "precision": 0.6816102470265325,
            "recall": 0.8932853717026379,
            "f1_score": 0.7732226258432797,
            "specificity": 0.9905365349577135,
            "accuracy": 0.9883798229053102,
            "auc": 0.9419109533301757
        },
        "Erosion": {
            "precision": 0.8828602227811714,
            "recall": 0.9120267260579065,
            "f1_score": 0.8972064999087092,
            "specificity": 0.9906625039383611,
            "accuracy": 0.9850293828276651,
            "auc": 0.9513446149981338
        },
        "Erythema": {
            "precision": 0.6397578203834511,
            "recall": 0.9175108538350217,
            "f1_score": 0.7538644470868014,
            "specificity": 0.9903293964676563,
            "accuracy": 0.9889914111734518,
            "auc": 0.9539201251513391
        },
        "Foreign Body": {
            "precision": 0.6657433056325023,
            "recall": 0.9103535353535354,
            "f1_score": 0.7690666666666667,
            "specificity": 0.9901670514735842,
            "accuracy": 0.9884861860823783,
            "auc": 0.9502602934135597
        },
        "Lymphangiectasia": {
            "precision": 0.6775092936802974,
            "recall": 0.9158291457286433,
            "f1_score": 0.7788461538461539,
            "specificity": 0.9905734698867187,
            "accuracy": 0.9889914111734518,
            "auc": 0.9532013078076811
        },
        "Normal": {
            "precision": 0.9971040999847585,
            "recall": 0.9129539824861319,
            "f1_score": 0.95317536926075,
            "specificity": 0.9915026833631485,
            "accuracy": 0.9316350679394794,
            "auc": 0.9522283329246403
        },
        "Polyp": {
            "precision": 0.7459649122807017,
            "recall": 0.9148020654044751,
            "f1_score": 0.8218013142636258,
            "specificity": 0.9900672245849911,
            "accuracy": 0.9877416438429016,
            "auc": 0.9524346449947331
        },
        "Ulcer": {
            "precision": 0.6264428121720882,
            "recall": 0.9004524886877828,
            "f1_score": 0.7388613861386139,
            "specificity": 0.9903637938501516,
            "accuracy": 0.9887786848193155,
            "auc": 0.9454081412689672
        },
        "Worms": {
            "precision": 0.283203125,
            "recall": 0.9177215189873418,
            "f1_score": 0.43283582089552236,
            "specificity": 0.9902000053405965,
            "accuracy": 0.9898954981785306,
            "auc": 0.9539607621639692
        }
    }
}