{
    "mean_auc": 0.9999348568293192,
    "balanced_accuracy": 0.9737152543536345,
    "avg_precision": 0.9783878763711,
    "avg_sensitivity": 0.9737152543536345,
    "avg_f1": 0.9756583367297523,
    "avg_specificity": 0.9992492164096077,
    "class_wise_metrics": {
        "Angioectasia": {
            "precision": 0.9835355285961872,
            "recall": 0.9835355285961872,
            "f1_score": 0.9835355285961872,
            "specificity": 0.9994787808959482,
            "accuracy": 0.998989549817853,
            "auc": 0.9999770721597255
        },
        "Bleeding": {
            "precision": 0.9578820697954272,
            "recall": 0.9544364508393285,
            "f1_score": 0.9561561561561561,
            "specificity": 0.9990482147227585,
            "accuracy": 0.9980588720185072,
            "auc": 0.9998906702283457
        },
        "Erosion": {
            "precision": 0.9621740727139185,
            "recall": 0.9725315515961396,
            "f1_score": 0.9673250876869116,
            "specificity": 0.9970498095265374,
            "accuracy": 0.9952934294147366,
            "auc": 0.9997652293448233
        },
        "Erythema": {
            "precision": 0.9772357723577236,
            "recall": 0.869753979739508,
            "f1_score": 0.9203675344563553,
            "specificity": 0.9996207606457904,
            "accuracy": 0.9972345573962295,
            "auc": 0.9997979141129884
        },
        "Foreign Body": {
            "precision": 0.9413875598086124,
            "recall": 0.9936868686868687,
            "f1_score": 0.9668304668304668,
            "specificity": 0.9986690207795735,
            "accuracy": 0.9985640971095807,
            "auc": 0.9999488981901044
        },
        "Lymphangiectasia": {
            "precision": 0.9899497487437185,
            "recall": 0.9899497487437185,
            "f1_score": 0.9899497487437185,
            "specificity": 0.9997826736573306,
            "accuracy": 0.9995745472917276,
            "auc": 0.9999928843369273
        },
        "Normal": {
            "precision": 0.9998953135359598,
            "recall": 0.9996860063496493,
            "f1_score": 0.9997906489881367,
            "specificity": 0.9996645796064401,
            "accuracy": 0.9996809104687957,
            "auc": 0.9999984904151427
        },
        "Polyp": {
            "precision": 0.9778156996587031,
            "recall": 0.9862306368330465,
            "f1_score": 0.9820051413881749,
            "specificity": 0.999286596240911,
            "accuracy": 0.998883186640785,
            "auc": 0.9999775319847486
        },
        "Ulcer": {
            "precision": 0.9940029985007496,
            "recall": 1.0,
            "f1_score": 0.9969924812030075,
            "specificity": 0.9998917280207882,
            "accuracy": 0.9998936368229319,
            "auc": 0.9999998775203854
        },
        "Worms": {
            "precision": 1.0,
            "recall": 0.9873417721518988,
            "f1_score": 0.9936305732484076,
            "specificity": 1.0,
            "accuracy": 0.9999468184114659,
            "auc": 1.0
        }
    }
}