{
    "mean_auc": 0.9921471037781995,
    "balanced_accuracy": 0.8523605656419881,
    "avg_precision": 0.8453331279698342,
    "avg_sensitivity": 0.8523605656419881,
    "avg_f1": 0.8404935538234831,
    "avg_specificity": 0.9868435165340838,
    "class_wise_metrics": {
        "Angioectasia": {
            "precision": 0.9602094240837696,
            "recall": 0.7946273830155979,
            "f1_score": 0.869606448553817,
            "specificity": 0.9989575617918964,
            "accuracy": 0.9926875315765682,
            "auc": 0.9831984097088338
        },
        "Bleeding": {
            "precision": 0.9232704402515723,
            "recall": 0.8800959232613909,
            "f1_score": 0.9011663597298957,
            "specificity": 0.9983411742310935,
            "accuracy": 0.995718882123009,
            "auc": 0.9968373926209155
        },
        "Erosion": {
            "precision": 0.8189957181782795,
            "recall": 0.7809948032665182,
            "f1_score": 0.7995439863195896,
            "specificity": 0.9866811789304843,
            "accuracy": 0.9719467120482889,
            "auc": 0.9870771892827416
        },
        "Erythema": {
            "precision": 0.7090909090909091,
            "recall": 0.7901591895803184,
            "f1_score": 0.7474332648870636,
            "specificity": 0.9939321703326471,
            "accuracy": 0.9901879969154679,
            "auc": 0.991721946597893
        },
        "Foreign Body": {
            "precision": 0.9338129496402877,
            "recall": 0.8194444444444444,
            "f1_score": 0.8728984532616005,
            "specificity": 0.9987505093032731,
            "accuracy": 0.9949743398835323,
            "auc": 0.9922449745314068
        },
        "Lymphangiectasia": {
            "precision": 0.859514687100894,
            "recall": 0.8454773869346733,
            "f1_score": 0.8524382520582647,
            "specificity": 0.997011762788297,
            "accuracy": 0.9938043449357832,
            "auc": 0.9884585651355853
        },
        "Normal": {
            "precision": 0.9705872235027004,
            "recall": 0.984335205665841,
            "f1_score": 0.977412873276519,
            "specificity": 0.9044051878354203,
            "accuracy": 0.9653256042757997,
            "auc": 0.9940990659484653
        },
        "Polyp": {
            "precision": 0.8424242424242424,
            "recall": 0.7177280550774526,
            "f1_score": 0.775092936802974,
            "specificity": 0.9957195774454658,
            "accuracy": 0.98713005557476,
            "auc": 0.9909349055670381
        },
        "Ulcer": {
            "precision": 0.9076479076479076,
            "recall": 0.9487179487179487,
            "f1_score": 0.9277286135693216,
            "specificity": 0.9982676483326115,
            "accuracy": 0.9973941021618316,
            "auc": 0.9981424741665997
        },
        "Worms": {
            "precision": 0.5277777777777778,
            "recall": 0.9620253164556962,
            "f1_score": 0.6816143497757847,
            "specificity": 0.9963683943496489,
            "accuracy": 0.9962241072140825,
            "auc": 0.9987561142225155
        }
    }
}