{
    "mean_auc": 0.9970794122401685,
    "balanced_accuracy": 0.9831824307587329,
    "avg_precision": 0.9501821699899704,
    "avg_sensitivity": 0.9831824307587329,
    "avg_f1": 0.9656826305165852,
    "avg_specificity": 0.998584685106108,
    "class_wise_metrics": {
        "Angioectasia": {
            "precision": 0.9523012552301255,
            "recall": 0.9861351819757366,
            "f1_score": 0.9689229459344402,
            "specificity": 0.9984363426878446,
            "accuracy": 0.9980588720185072,
            "auc": 0.9977074299181857
        },
        "Bleeding": {
            "precision": 0.897914379802415,
            "recall": 0.9808153477218226,
            "f1_score": 0.9375358166189112,
            "specificity": 0.9974709705490441,
            "accuracy": 0.9971016034248943,
            "auc": 0.9985884623277909
        },
        "Erosion": {
            "precision": 0.9742589703588144,
            "recall": 0.9272457312546399,
            "f1_score": 0.9501711677443895,
            "specificity": 0.9981095866869074,
            "accuracy": 0.9930332119020395,
            "auc": 0.984648142563982
        },
        "Erythema": {
            "precision": 0.8497536945812808,
            "recall": 0.9985528219971056,
            "f1_score": 0.9181636726546906,
            "specificity": 0.9966951999133167,
            "accuracy": 0.9967293323051559,
            "auc": 0.9987845053321666
        },
        "Foreign Body": {
            "precision": 0.9421686746987952,
            "recall": 0.9873737373737373,
            "f1_score": 0.9642416769420469,
            "specificity": 0.9986961836208067,
            "accuracy": 0.9984577339325126,
            "auc": 0.9982102534238213
        },
        "Lymphangiectasia": {
            "precision": 0.9658536585365853,
            "recall": 0.9949748743718593,
            "f1_score": 0.9801980198019802,
            "specificity": 0.9992393578006574,
            "accuracy": 0.9991490945834552,
            "auc": 0.9994475719992482
        },
        "Normal": {
            "precision": 0.9999648320731492,
            "recall": 0.9920106060077452,
            "f1_score": 0.9959718378927458,
            "specificity": 0.9998881932021467,
            "accuracy": 0.9938841173185843,
            "auc": 0.9998738579971049
        },
        "Polyp": {
            "precision": 0.9196062346185397,
            "recall": 0.9647160068846816,
            "f1_score": 0.9416211675766485,
            "specificity": 0.9973110166003567,
            "accuracy": 0.9963038795968836,
            "auc": 0.9935338988393848
        },
        "Ulcer": {
            "precision": 1.0,
            "recall": 1.0,
            "f1_score": 1.0,
            "specificity": 1.0,
            "accuracy": 1.0,
            "auc": 1.0
        },
        "Worms": {
            "precision": 1.0,
            "recall": 1.0,
            "f1_score": 1.0,
            "specificity": 1.0,
            "accuracy": 1.0,
            "auc": 1.0
        }
    }
}