{
    "mean_auc": 0.9975622085082547,
    "balanced_accuracy": 0.9448816100347379,
    "avg_precision": 0.8365024605109831,
    "avg_sensitivity": 0.9448816100347379,
    "avg_f1": 0.8788906667366646,
    "avg_specificity": 0.9922436653927467,
    "class_wise_metrics": {
        "Angioectasia": {
            "precision": 0.7642045454545454,
            "recall": 0.9324090121317158,
            "f1_score": 0.839968774395004,
            "specificity": 0.9908923819713055,
            "accuracy": 0.9890977743505198,
            "auc": 0.9973537659019251
        },
        "Bleeding": {
            "precision": 0.7922848664688428,
            "recall": 0.960431654676259,
            "f1_score": 0.8682926829268293,
            "specificity": 0.9942892883365513,
            "accuracy": 0.993538436993113,
            "auc": 0.9992220402559197
        },
        "Erosion": {
            "precision": 0.79951270449008,
            "recall": 0.8526354862657758,
            "f1_score": 0.8252200467037902,
            "specificity": 0.9835018474493742,
            "accuracy": 0.9741271571781849,
            "auc": 0.9919098669083278
        },
        "Erythema": {
            "precision": 0.45745405037440434,
            "recall": 0.9725036179450073,
            "f1_score": 0.6222222222222222,
            "specificity": 0.9784104453353559,
            "accuracy": 0.9783019118781078,
            "auc": 0.9962452010972147
        },
        "Foreign Body": {
            "precision": 0.9295426452410384,
            "recall": 0.9494949494949495,
            "f1_score": 0.9394128669581512,
            "specificity": 0.998451718049708,
            "accuracy": 0.9974206929560986,
            "auc": 0.9997565633244025
        },
        "Lymphangiectasia": {
            "precision": 0.8966318234610917,
            "recall": 0.9698492462311558,
            "f1_score": 0.931804465902233,
            "specificity": 0.997582244437804,
            "accuracy": 0.9969952402478262,
            "auc": 0.9994578956830824
        },
        "Normal": {
            "precision": 0.9964043444415613,
            "recall": 0.9377943690472037,
            "f1_score": 0.9662113587347232,
            "specificity": 0.9891547406082289,
            "accuracy": 0.9500093067779934,
            "auc": 0.9955261248833446
        },
        "Polyp": {
            "precision": 0.7469000729394603,
            "recall": 0.8812392426850258,
            "f1_score": 0.8085274378207659,
            "specificity": 0.9904788036767732,
            "accuracy": 0.987103464780493,
            "auc": 0.9961623850713204
        },
        "Ulcer": {
            "precision": 0.982089552238806,
            "recall": 0.9924585218702866,
            "f1_score": 0.9872468117029257,
            "specificity": 0.9996751840623647,
            "accuracy": 0.9995479564974605,
            "auc": 0.9999882419570087
        },
        "Worms": {
            "precision": 1.0,
            "recall": 1.0,
            "f1_score": 1.0,
            "specificity": 1.0,
            "accuracy": 1.0,
            "auc": 1.0
        }
    }
}