{
    "mean_auc": 0.5016669478324461,
    "balanced_accuracy": 0.1003748004713316,
    "avg_precision": 0.10037725342083799,
    "avg_sensitivity": 0.1003748004713316,
    "avg_f1": 0.10037518614524228,
    "avg_specificity": 0.9002754986181374,
    "class_wise_metrics": {
        "Angioectasia": {
            "precision": 0.02799650043744532,
            "recall": 0.02772963604852686,
            "f1_score": 0.027862429255550717,
            "specificity": 0.969522398705182,
            "accuracy": 0.9406227564017338,
            "auc": 0.4865989447916148
        },
        "Bleeding": {
            "precision": 0.02261904761904762,
            "recall": 0.022781774580335732,
            "f1_score": 0.022700119474313024,
            "specificity": 0.9776738367824219,
            "accuracy": 0.9564974605791475,
            "auc": 0.49873046386538555
        },
        "Erosion": {
            "precision": 0.07281553398058252,
            "recall": 0.07238307349665925,
            "f1_score": 0.07259865971705137,
            "specificity": 0.9288803597513821,
            "accuracy": 0.8675246629616826,
            "auc": 0.49752872295076633
        },
        "Erythema": {
            "precision": 0.015471167369901548,
            "recall": 0.015918958031837915,
            "f1_score": 0.015691868758915834,
            "specificity": 0.9810380322895221,
            "accuracy": 0.9633047039115058,
            "auc": 0.4930010855795118
        },
        "Foreign Body": {
            "precision": 0.017632241813602016,
            "recall": 0.017676767676767676,
            "f1_score": 0.017654476670870115,
            "specificity": 0.9788129838381094,
            "accuracy": 0.9585715425319754,
            "auc": 0.5004619226352894
        },
        "Lymphangiectasia": {
            "precision": 0.016352201257861635,
            "recall": 0.016331658291457288,
            "f1_score": 0.016341923318667503,
            "specificity": 0.9787563500040749,
            "accuracy": 0.9583854069721063,
            "auc": 0.5001067520100299
        },
        "Normal": {
            "precision": 0.7630154684171934,
            "recall": 0.7623765830513205,
            "f1_score": 0.7626958919409444,
            "specificity": 0.24116726296958854,
            "accuracy": 0.6384183795569973,
            "auc": 0.500115822605633
        },
        "Polyp": {
            "precision": 0.03288364249578415,
            "recall": 0.03356282271944923,
            "f1_score": 0.03321976149914821,
            "specificity": 0.9685279187817258,
            "accuracy": 0.9396388970138538,
            "auc": 0.48907938753819735
        },
        "Ulcer": {
            "precision": 0.02865761689291101,
            "recall": 0.02865761689291101,
            "f1_score": 0.02865761689291101,
            "specificity": 0.9825682113469034,
            "accuracy": 0.9657510569840722,
            "auc": 0.5062549114325412
        },
        "Worms": {
            "precision": 0.006329113924050633,
            "recall": 0.006329113924050633,
            "f1_score": 0.006329113924050633,
            "specificity": 0.9958076317124622,
            "accuracy": 0.9916504906001542,
            "auc": 0.5447914649154918
        }
    }
}