{
    "mean_auc": 0.9998832851819893,
    "balanced_accuracy": 0.9677619317826418,
    "avg_precision": 0.9744527906029514,
    "avg_sensitivity": 0.9677619317826418,
    "avg_f1": 0.9709196176365854,
    "avg_specificity": 0.9987394379249814,
    "class_wise_metrics": {
        "Angioectasia": {
            "precision": 0.9858407079646018,
            "recall": 0.9653379549393414,
            "f1_score": 0.9754816112084063,
            "specificity": 0.9995610786492195,
            "accuracy": 0.9985109155210466,
            "auc": 0.9999319771747586
        },
        "Bleeding": {
            "precision": 0.9832041343669251,
            "recall": 0.9124700239808153,
            "f1_score": 0.9465174129353234,
            "specificity": 0.9996464797541674,
            "accuracy": 0.9977131916930359,
            "auc": 0.9998502381028307
        },
        "Erosion": {
            "precision": 0.9496376811594203,
            "recall": 0.9729027468448403,
            "f1_score": 0.9611294462779612,
            "specificity": 0.9960186749921233,
            "accuracy": 0.9943627516153908,
            "auc": 0.9997121118395242
        },
        "Erythema": {
            "precision": 0.9085794655414908,
            "recall": 0.934876989869754,
            "f1_score": 0.9215406562054208,
            "specificity": 0.9982392458554556,
            "accuracy": 0.9970750126306273,
            "auc": 0.999736484707567
        },
        "Foreign Body": {
            "precision": 0.9535759096612296,
            "recall": 0.9595959595959596,
            "f1_score": 0.9565764631843927,
            "specificity": 0.9989949748743718,
            "accuracy": 0.9981652351955753,
            "auc": 0.9997500126897112
        },
        "Lymphangiectasia": {
            "precision": 0.9923664122137404,
            "recall": 0.9798994974874372,
            "f1_score": 0.9860935524652339,
            "specificity": 0.999837005242998,
            "accuracy": 0.9994150025261255,
            "auc": 0.9999815538806198
        },
        "Normal": {
            "precision": 0.9987443320544123,
            "recall": 0.9989882426822035,
            "f1_score": 0.9988662724783284,
            "specificity": 0.9959749552772809,
            "accuracy": 0.9982715983726433,
            "auc": 0.9999586092896062
        },
        "Polyp": {
            "precision": 0.9725792630676949,
            "recall": 0.9767641996557659,
            "f1_score": 0.9746672391584371,
            "specificity": 0.9991219646041981,
            "accuracy": 0.9984311431382455,
            "auc": 0.999931745876948
        },
        "Ulcer": {
            "precision": 1.0,
            "recall": 0.9894419306184012,
            "f1_score": 0.9946929492039424,
            "specificity": 1.0,
            "accuracy": 0.9998138644401309,
            "auc": 0.9999885685693141
        },
        "Worms": {
            "precision": 1.0,
            "recall": 0.9873417721518988,
            "f1_score": 0.9936305732484076,
            "specificity": 1.0,
            "accuracy": 0.9999468184114659,
            "auc": 0.9999915496890116
        }
    }
}