{
    "mean_auc": 0.9997167364851816,
    "balanced_accuracy": 0.9612106695085728,
    "avg_precision": 0.9658659647868106,
    "avg_sensitivity": 0.9612106695085728,
    "avg_f1": 0.9631717136832725,
    "avg_specificity": 0.9975721755847407,
    "class_wise_metrics": {
        "Angioectasia": {
            "precision": 0.9417637271214643,
            "recall": 0.9809358752166378,
            "f1_score": 0.9609507640067911,
            "specificity": 0.9980797190903355,
            "accuracy": 0.9975536469274338,
            "auc": 0.9997548777345877
        },
        "Bleeding": {
            "precision": 0.9855072463768116,
            "recall": 0.8968824940047961,
            "f1_score": 0.9391086001255493,
            "specificity": 0.9997008674842955,
            "accuracy": 0.9974206929560986,
            "auc": 0.9998563681347636
        },
        "Erosion": {
            "precision": 0.943267776096823,
            "recall": 0.9257609502598366,
            "f1_score": 0.9344323716747845,
            "specificity": 0.9957036061066079,
            "accuracy": 0.9906932220065413,
            "auc": 0.9987786641823494
        },
        "Erythema": {
            "precision": 0.9216867469879518,
            "recall": 0.8856729377713459,
            "f1_score": 0.9033210332103321,
            "specificity": 0.9985913966843645,
            "accuracy": 0.9965166059510198,
            "auc": 0.9993404277305585
        },
        "Foreign Body": {
            "precision": 0.9485924112607099,
            "recall": 0.9785353535353535,
            "f1_score": 0.9633312616532007,
            "specificity": 0.9988591606682059,
            "accuracy": 0.9984311431382455,
            "auc": 0.9999147731559792
        },
        "Lymphangiectasia": {
            "precision": 0.9885350318471338,
            "recall": 0.9748743718592965,
            "f1_score": 0.9816571790006325,
            "specificity": 0.9997555078644971,
            "accuracy": 0.9992288669662562,
            "auc": 0.9999623057560493
        },
        "Normal": {
            "precision": 0.9960282897258126,
            "recall": 0.9974182744304504,
            "f1_score": 0.9967227974758568,
            "specificity": 0.9872540250447227,
            "accuracy": 0.9950009306777994,
            "auc": 0.9998561174494778
        },
        "Polyp": {
            "precision": 0.9332784184514004,
            "recall": 0.9750430292598967,
            "f1_score": 0.9537037037037037,
            "specificity": 0.9977774729043765,
            "accuracy": 0.9970750126306273,
            "auc": 0.9997038307080506
        },
        "Ulcer": {
            "precision": 1.0,
            "recall": 0.9969834087481146,
            "f1_score": 0.9984894259818731,
            "specificity": 1.0,
            "accuracy": 0.9999468184114659,
            "auc": 1.0
        },
        "Worms": {
            "precision": 1.0,
            "recall": 1.0,
            "f1_score": 1.0,
            "specificity": 1.0,
            "accuracy": 1.0,
            "auc": 1.0
        }
    }
}