{
    "mean_auc": 0.9485986204193756,
    "balanced_accuracy": 0.3086405675154632,
    "avg_precision": 0.442310350553673,
    "avg_sensitivity": 0.3086405675154632,
    "avg_f1": 0.2909851317863983,
    "avg_specificity": 0.9842843808774715,
    "class_wise_metrics": {
        "Angioectasia": {
            "precision": 0.3488872936109117,
            "recall": 0.42114384748700173,
            "f1_score": 0.38162544169611307,
            "specificity": 0.9751186459276329,
            "accuracy": 0.958119499029436,
            "auc": 0.9360102995329187
        },
        "Bleeding": {
            "precision": 0.47540983606557374,
            "recall": 0.17386091127098321,
            "f1_score": 0.2546093064091308,
            "specificity": 0.9956489815897533,
            "accuracy": 0.977424415667296,
            "auc": 0.9473955385497167
        },
        "Erosion": {
            "precision": 0.3815217391304348,
            "recall": 0.9120267260579065,
            "f1_score": 0.5379899277425005,
            "specificity": 0.8859164208174606,
            "accuracy": 0.8877868481931556,
            "auc": 0.9450075509574536
        },
        "Erythema": {
            "precision": 0.0,
            "recall": 0.0,
            "f1_score": 0.0,
            "specificity": 1.0,
            "accuracy": 0.9816257611614859,
            "auc": 0.9218876107669793
        },
        "Foreign Body": {
            "precision": 0.6822429906542056,
            "recall": 0.09217171717171717,
            "f1_score": 0.16240266963292546,
            "specificity": 0.9990764633980714,
            "accuracy": 0.9799771319169304,
            "auc": 0.9501081883619572
        },
        "Lymphangiectasia": {
            "precision": 0.4375,
            "recall": 0.035175879396984924,
            "f1_score": 0.06511627906976744,
            "specificity": 0.9990220314579881,
            "accuracy": 0.9786210014093121,
            "auc": 0.930032213988909
        },
        "Normal": {
            "precision": 0.9987108013937283,
            "recall": 1.0,
            "f1_score": 0.9993549849205934,
            "specificity": 0.9958631484794276,
            "accuracy": 0.9990161406121201,
            "auc": 0.9999979092054688
        },
        "Polyp": {
            "precision": 0.5853658536585366,
            "recall": 0.020654044750430294,
            "f1_score": 0.0399002493765586,
            "specificity": 0.9995335436959802,
            "accuracy": 0.9692876326215865,
            "auc": 0.9482609661742436
        },
        "Ulcer": {
            "precision": 0.5134649910233393,
            "recall": 0.43137254901960786,
            "f1_score": 0.46885245901639344,
            "specificity": 0.9926645734084019,
            "accuracy": 0.9827691653149679,
            "auc": 0.9770140057888765
        },
        "Worms": {
            "precision": 0.0,
            "recall": 0.0,
            "f1_score": 0.0,
            "specificity": 1.0,
            "accuracy": 0.9957986545058101,
            "auc": 0.9302719208672318
        }
    }
}