{
    "mean_auc": 0.6234427747519365,
    "balanced_accuracy": 0.13650451394357624,
    "avg_precision": 0.13048859631040693,
    "avg_sensitivity": 0.13650451394357624,
    "avg_f1": 0.07166811980857056,
    "avg_specificity": 0.9280754275862602,
    "class_wise_metrics": {
        "Angioectasia": {
            "precision": 0.011111111111111112,
            "recall": 0.0017331022530329288,
            "f1_score": 0.0029985007496251873,
            "specificity": 0.9951169999725674,
            "accuracy": 0.9646342436248571,
            "auc": 0.5882916303375096
        },
        "Bleeding": {
            "precision": 0.3333333333333333,
            "recall": 0.001199040767386091,
            "f1_score": 0.0023894862604540022,
            "specificity": 0.9999456122698719,
            "accuracy": 0.9777966867870344,
            "auc": 0.6595817192274516
        },
        "Erosion": {
            "precision": 0.0,
            "recall": 0.0,
            "f1_score": 0.0,
            "specificity": 1.0,
            "accuracy": 0.9283644002446353,
            "auc": 0.7203947840566085
        },
        "Erythema": {
            "precision": 0.0,
            "recall": 0.0,
            "f1_score": 0.0,
            "specificity": 0.9998374688481959,
            "accuracy": 0.9814662163958837,
            "auc": 0.4764516431013484
        },
        "Foreign Body": {
            "precision": 0.031898001120866805,
            "recall": 0.8623737373737373,
            "f1_score": 0.06152044676634841,
            "specificity": 0.43694146407714246,
            "accuracy": 0.44590102906373813,
            "auc": 0.71655618043809
        },
        "Lymphangiectasia": {
            "precision": 0.007042253521126761,
            "recall": 0.0037688442211055275,
            "f1_score": 0.004909983633387889,
            "specificity": 0.9885088696313602,
            "accuracy": 0.9676655941712979,
            "auc": 0.6110339669333601
        },
        "Normal": {
            "precision": 0.9215012640176314,
            "recall": 0.4959704148205003,
            "f1_score": 0.6448627806758902,
            "specificity": 0.8646019677996423,
            "accuracy": 0.5836413433669264,
            "auc": 0.7564885467835872
        },
        "Polyp": {
            "precision": 0.0,
            "recall": 0.0,
            "f1_score": 0.0,
            "specificity": 0.9958018932638222,
            "accuracy": 0.9650331055388625,
            "auc": 0.5001812671771696
        },
        "Ulcer": {
            "precision": 0.0,
            "recall": 0.0,
            "f1_score": 0.0,
            "specificity": 1.0,
            "accuracy": 0.9823703034009625,
            "auc": 0.5776575055181148
        },
        "Worms": {
            "precision": 0.0,
            "recall": 0.0,
            "f1_score": 0.0,
            "specificity": 1.0,
            "accuracy": 0.9957986545058101,
            "auc": 0.6277905039461262
        }
    }
}