{
    "mean_auc": 0.501353002726212,
    "balanced_accuracy": 0.10173942518445722,
    "avg_precision": 0.10155009599655387,
    "avg_sensitivity": 0.10173942518445722,
    "avg_f1": 0.030809222009954708,
    "avg_specificity": 0.8999064878029351,
    "class_wise_metrics": {
        "Angioectasia": {
            "precision": 0.04854368932038835,
            "recall": 0.008665511265164644,
            "f1_score": 0.014705882352941176,
            "specificity": 0.9946232134529394,
            "accuracy": 0.9643683356821868,
            "auc": 0.5067729244290302
        },
        "Bleeding": {
            "precision": 0.024115755627009645,
            "recall": 0.08992805755395683,
            "f1_score": 0.03803245436105477,
            "specificity": 0.9174666195306339,
            "accuracy": 0.8991145265509081,
            "auc": 0.5093521951807385
        },
        "Erosion": {
            "precision": 0.07133085792456517,
            "recall": 0.2709725315515961,
            "f1_score": 0.11293316831683169,
            "specificity": 0.7277804829146736,
            "accuracy": 0.69505677134576,
            "auc": 0.4983957630943103
        },
        "Erythema": {
            "precision": 0.010752688172043012,
            "recall": 0.002894356005788712,
            "f1_score": 0.004561003420752566,
            "specificity": 0.9950157113446744,
            "accuracy": 0.9767862366048874,
            "auc": 0.4916410926421293
        },
        "Foreign Body": {
            "precision": 0.022727272727272728,
            "recall": 0.0012626262626262627,
            "f1_score": 0.0023923444976076554,
            "specificity": 0.9988319978269727,
            "accuracy": 0.9778232775813014,
            "auc": 0.4932288901510007
        },
        "Lymphangiectasia": {
            "precision": 0.01736571008094187,
            "recall": 0.14824120603015076,
            "f1_score": 0.03108944803056251,
            "specificity": 0.8186140012496265,
            "accuracy": 0.804424708166033,
            "auc": 0.49213676570623077
        },
        "Normal": {
            "precision": 0.7578369905956113,
            "recall": 0.033736873321006174,
            "f1_score": 0.06459801596579712,
            "specificity": 0.9654516994633273,
            "accuracy": 0.2553248065519717,
            "auc": 0.49458223647235655
        },
        "Polyp": {
            "precision": 0.03827751196172249,
            "recall": 0.0068846815834767644,
            "f1_score": 0.011670313639679067,
            "specificity": 0.9944848401701194,
            "accuracy": 0.9639694737681814,
            "auc": 0.5041480820485162
        },
        "Ulcer": {
            "precision": 0.019933554817275746,
            "recall": 0.01809954751131222,
            "f1_score": 0.018972332015810278,
            "specificity": 0.9840298830662625,
            "accuracy": 0.9670008243146223,
            "auc": 0.5052413109695356
        },
        "Worms": {
            "precision": 0.004616928738708598,
            "recall": 0.43670886075949367,
            "f1_score": 0.009137257498510229,
            "specificity": 0.6027664290101205,
            "accuracy": 0.6020687637939746,
            "auc": 0.5180307665682713
        }
    }
}