{
    "mean_auc": 0.9990247285179887,
    "balanced_accuracy": 0.9388071208797537,
    "avg_precision": 0.9395486129033589,
    "avg_sensitivity": 0.9388071208797537,
    "avg_f1": 0.938875743249304,
    "avg_specificity": 0.9965368549063633,
    "class_wise_metrics": {
        "Angioectasia": {
            "precision": 0.9477947794779478,
            "recall": 0.912478336221837,
            "f1_score": 0.9298013245033112,
            "specificity": 0.9984089101034208,
            "accuracy": 0.995772063711543,
            "auc": 0.9984389338071705
        },
        "Bleeding": {
            "precision": 0.9075342465753424,
            "recall": 0.9532374100719424,
            "f1_score": 0.9298245614035088,
            "specificity": 0.9977972969298127,
            "accuracy": 0.996809104687957,
            "auc": 0.9996500012618735
        },
        "Erosion": {
            "precision": 0.9088560885608856,
            "recall": 0.9142538975501113,
            "f1_score": 0.9115470022205774,
            "specificity": 0.992925271388881,
            "accuracy": 0.9872896003403622,
            "auc": 0.9977531646114679
        },
        "Erythema": {
            "precision": 0.8277945619335347,
            "recall": 0.7930535455861071,
            "f1_score": 0.8100517368810052,
            "specificity": 0.9969119081157222,
            "accuracy": 0.9931661658733746,
            "auc": 0.9972401065727661
        },
        "Foreign Body": {
            "precision": 0.9660574412532638,
            "recall": 0.9343434343434344,
            "f1_score": 0.9499358151476252,
            "specificity": 0.999293766127937,
            "accuracy": 0.9979259180471721,
            "auc": 0.9997823371567091
        },
        "Lymphangiectasia": {
            "precision": 0.9767741935483871,
            "recall": 0.9510050251256281,
            "f1_score": 0.9637173774665818,
            "specificity": 0.999511015728994,
            "accuracy": 0.9984843247267796,
            "auc": 0.9992447158778872
        },
        "Normal": {
            "precision": 0.9953546854807725,
            "recall": 0.9942434497435718,
            "f1_score": 0.994798757286976,
            "specificity": 0.9851296958855098,
            "accuracy": 0.9920759433084266,
            "auc": 0.9995819230092063
        },
        "Polyp": {
            "precision": 0.8668261562998405,
            "recall": 0.9354561101549054,
            "f1_score": 0.8998344370860927,
            "specificity": 0.9954177527781589,
            "accuracy": 0.99356502778738,
            "auc": 0.9985561437093453
        },
        "Ulcer": {
            "precision": 0.9984939759036144,
            "recall": 1.0,
            "f1_score": 0.9992464204973625,
            "specificity": 0.9999729320051971,
            "accuracy": 0.999973409205733,
            "auc": 0.9999999591734618
        },
        "Worms": {
            "precision": 1.0,
            "recall": 1.0,
            "f1_score": 1.0,
            "specificity": 1.0,
            "accuracy": 1.0,
            "auc": 1.0
        }
    }
}