{
    "mean_auc": 0.994421160515906,
    "balanced_accuracy": 0.8260008450486721,
    "avg_precision": 0.8761511044524266,
    "avg_sensitivity": 0.8260008450486721,
    "avg_f1": 0.8487179265593797,
    "avg_specificity": 0.9884323384451115,
    "class_wise_metrics": {
        "Angioectasia": {
            "precision": 0.85,
            "recall": 0.8249566724436742,
            "f1_score": 0.8372911169744943,
            "specificity": 0.9953913258168052,
            "accuracy": 0.9901614061212008,
            "auc": 0.9929099249426423
        },
        "Bleeding": {
            "precision": 0.881851400730816,
            "recall": 0.86810551558753,
            "f1_score": 0.8749244712990937,
            "specificity": 0.997362195088788,
            "accuracy": 0.9944957055867258,
            "auc": 0.9982437458512238
        },
        "Erosion": {
            "precision": 0.8286868686868687,
            "recall": 0.7613214550853749,
            "f1_score": 0.7935770942155156,
            "specificity": 0.9878555265946782,
            "accuracy": 0.9716276225170846,
            "auc": 0.9887419807823928
        },
        "Erythema": {
            "precision": 0.6955684007707129,
            "recall": 0.5224312590448625,
            "f1_score": 0.596694214876033,
            "specificity": 0.9957200130024921,
            "accuracy": 0.9870236923976919,
            "auc": 0.9857952634361047
        },
        "Foreign Body": {
            "precision": 0.9144736842105263,
            "recall": 0.8775252525252525,
            "f1_score": 0.895618556701031,
            "specificity": 0.9982344153198425,
            "accuracy": 0.995692291328742,
            "auc": 0.9967141536237014
        },
        "Lymphangiectasia": {
            "precision": 0.930171277997365,
            "recall": 0.8869346733668342,
            "f1_score": 0.9080385852090033,
            "specificity": 0.9985602129798158,
            "accuracy": 0.9961975164198155,
            "auc": 0.9968459524811585
        },
        "Normal": {
            "precision": 0.9758775692276018,
            "recall": 0.9922199351079789,
            "f1_score": 0.9839809016365083,
            "specificity": 0.9213998211091234,
            "accuracy": 0.975376924508735,
            "auc": 0.9971891607968909
        },
        "Polyp": {
            "precision": 0.7201581027667984,
            "recall": 0.7839931153184165,
            "f1_score": 0.7507210548001648,
            "specificity": 0.9902867334339416,
            "accuracy": 0.9839125694684501,
            "auc": 0.9923914185641297
        },
        "Ulcer": {
            "precision": 0.9721311475409836,
            "recall": 0.8944193061840121,
            "f1_score": 0.9316575019638649,
            "specificity": 0.99953984408835,
            "accuracy": 0.9976866008987688,
            "auc": 0.9962292609351433
        },
        "Worms": {
            "precision": 0.9925925925925926,
            "recall": 0.8481012658227848,
            "f1_score": 0.9146757679180887,
            "specificity": 0.9999732970172768,
            "accuracy": 0.9993352301433244,
            "auc": 0.9991507437456715
        }
    }
}