{
    "mean_auc": 0.5046581249078328,
    "balanced_accuracy": 0.0988108184412306,
    "avg_precision": 0.0986687260187775,
    "avg_sensitivity": 0.0988108184412306,
    "avg_f1": 0.09870918191075792,
    "avg_specificity": 0.9004340146437044,
    "class_wise_metrics": {
        "Angioectasia": {
            "precision": 0.03127792672028597,
            "recall": 0.030329289428076257,
            "f1_score": 0.030796304443466784,
            "specificity": 0.970263078484624,
            "accuracy": 0.9414204802297444,
            "auc": 0.5089895556972033
        },
        "Bleeding": {
            "precision": 0.012453300124533,
            "recall": 0.011990407673860911,
            "f1_score": 0.012217470983506415,
            "specificity": 0.9784352650042151,
            "accuracy": 0.957002685670221,
            "auc": 0.4939650487751642
        },
        "Erosion": {
            "precision": 0.0671615411806292,
            "recall": 0.07052709725315516,
            "f1_score": 0.06880318667390911,
            "specificity": 0.9244121101022542,
            "accuracy": 0.8632435450846917,
            "auc": 0.49891704506509993
        },
        "Erythema": {
            "precision": 0.023002421307506054,
            "recall": 0.027496382054992764,
            "f1_score": 0.025049439683586024,
            "specificity": 0.9781395600823491,
            "accuracy": 0.9606722152790704,
            "auc": 0.5082016684649893
        },
        "Foreign Body": {
            "precision": 0.014745308310991957,
            "recall": 0.013888888888888888,
            "f1_score": 0.014304291287386216,
            "specificity": 0.9800353116936031,
            "accuracy": 0.9596883558911905,
            "auc": 0.5100918872275656
        },
        "Lymphangiectasia": {
            "precision": 0.014705882352941176,
            "recall": 0.01507537688442211,
            "f1_score": 0.01488833746898263,
            "specificity": 0.9781587025617343,
            "accuracy": 0.9577738187039647,
            "auc": 0.5013360553275737
        },
        "Normal": {
            "precision": 0.7637629930353831,
            "recall": 0.761364825733524,
            "f1_score": 0.7625620239010413,
            "specificity": 0.245304114490161,
            "accuracy": 0.6386311059111336,
            "auc": 0.5058618993857246
        },
        "Polyp": {
            "precision": 0.02865064695009242,
            "recall": 0.02667814113597246,
            "f1_score": 0.027629233511586453,
            "specificity": 0.9711620249691316,
            "accuracy": 0.9419788869093519,
            "auc": 0.5156380928138007
        },
        "Ulcer": {
            "precision": 0.01834862385321101,
            "recall": 0.01809954751131222,
            "f1_score": 0.018223234624145785,
            "specificity": 0.9826223473365093,
            "accuracy": 0.965618103012737,
            "auc": 0.49405641133423084
        },
        "Worms": {
            "precision": 0.012578616352201259,
            "recall": 0.012658227848101266,
            "f1_score": 0.012618296529968454,
            "specificity": 0.9958076317124622,
            "accuracy": 0.9916770813944212,
            "auc": 0.5095235849869747
        }
    }
}