{
    "mean_auc": 0.6426787804902923,
    "balanced_accuracy": 0.2363980606116915,
    "avg_precision": 0.16434940959187383,
    "avg_sensitivity": 0.2363980606116915,
    "avg_f1": 0.14205419719829732,
    "avg_specificity": 0.9227822624485865,
    "class_wise_metrics": {
        "Angioectasia": {
            "precision": 0.12195121951219512,
            "recall": 0.40540540540540543,
            "f1_score": 0.1875,
            "specificity": 0.9751609935602575,
            "accuracy": 0.9703534777651083,
            "auc": 0.7813409085258213
        },
        "Bleeding": {
            "precision": 0.5429362880886427,
            "recall": 0.5868263473053892,
            "f1_score": 0.5640287769784172,
            "specificity": 0.9592693162182178,
            "accuracy": 0.9309007981755987,
            "auc": 0.8902259662358817
        },
        "Erosion": {
            "precision": 0.005494505494505495,
            "recall": 0.02040816326530612,
            "f1_score": 0.008658008658008658,
            "specificity": 0.9582564575645757,
            "accuracy": 0.9477765108323831,
            "auc": 0.6824426726410121
        },
        "Erythema": {
            "precision": 0.0058309037900874635,
            "recall": 0.11764705882352941,
            "f1_score": 0.011111111111111112,
            "specificity": 0.9219322344322345,
            "accuracy": 0.9188141391106043,
            "auc": 0.5904977375565611
        },
        "Foreign Body": {
            "precision": 0.029411764705882353,
            "recall": 0.020833333333333332,
            "f1_score": 0.024390243902439025,
            "specificity": 0.9923910537237722,
            "accuracy": 0.9817559863169898,
            "auc": 0.44383598493582355
        },
        "Lymphangiectasia": {
            "precision": 0.175,
            "recall": 0.04516129032258064,
            "f1_score": 0.07179487179487179,
            "specificity": 0.9921985815602837,
            "accuracy": 0.9587229190421893,
            "auc": 0.6706779531762372
        },
        "Normal": {
            "precision": 0.9029209621993127,
            "recall": 0.2980714690867839,
            "f1_score": 0.44818763326226013,
            "specificity": 0.8684516880093132,
            "accuracy": 0.409806157354618,
            "auc": 0.7341089013131787
        },
        "Polyp": {
            "precision": 0.05042016806722689,
            "recall": 0.5454545454545454,
            "f1_score": 0.09230769230769231,
            "specificity": 0.9741655235482396,
            "accuracy": 0.9730900798175599,
            "auc": 0.9469800889553975
        },
        "Ulcer": {
            "precision": 0.0,
            "recall": 0.0,
            "f1_score": 0.0,
            "specificity": 0.9124643196955281,
            "accuracy": 0.8748004561003421,
            "auc": 0.25491310564524183
        },
        "Worms": {
            "precision": 0.0017667844522968198,
            "recall": 0.037037037037037035,
            "f1_score": 0.003372681281618887,
            "specificity": 0.8703533731069298,
            "accuracy": 0.8652223489167616,
            "auc": 0.4317644859177673
        }
    }
}