{
    "mean_auc": 0.5212472151663425,
    "balanced_accuracy": 0.13545617275971072,
    "avg_precision": 0.1797761232504172,
    "avg_sensitivity": 0.13545617275971072,
    "avg_f1": 0.05277738526801893,
    "avg_specificity": 0.8957317058042576,
    "class_wise_metrics": {
        "Angioectasia": {
            "precision": 0.1875,
            "recall": 0.08108108108108109,
            "f1_score": 0.11320754716981132,
            "specificity": 0.9970101195952162,
            "accuracy": 0.9892816419612315,
            "auc": 0.6639710087272186
        },
        "Bleeding": {
            "precision": 0.9516129032258065,
            "recall": 0.17664670658682635,
            "f1_score": 0.29797979797979796,
            "specificity": 0.9992594421130585,
            "accuracy": 0.9366020524515394,
            "auc": 0.8090107122215702
        },
        "Erosion": {
            "precision": 0.3333333333333333,
            "recall": 0.02040816326530612,
            "f1_score": 0.038461538461538464,
            "specificity": 0.9995387453874539,
            "accuracy": 0.9885974914481186,
            "auc": 0.4683452255440922
        },
        "Erythema": {
            "precision": 0.0,
            "recall": 0.0,
            "f1_score": 0.0,
            "specificity": 0.9993131868131868,
            "accuracy": 0.9954389965792474,
            "auc": 0.4536064425770308
        },
        "Foreign Body": {
            "precision": 0.0,
            "recall": 0.0,
            "f1_score": 0.0,
            "specificity": 0.998616555222504,
            "accuracy": 0.987685290763968,
            "auc": 0.35446929521174386
        },
        "Lymphangiectasia": {
            "precision": 0.0,
            "recall": 0.0,
            "f1_score": 0.0,
            "specificity": 0.999290780141844,
            "accuracy": 0.9639680729760547,
            "auc": 0.26609395256615576
        },
        "Normal": {
            "precision": 0.3958333333333333,
            "recall": 0.010777084515031198,
            "f1_score": 0.020982882385422418,
            "specificity": 0.9324796274738067,
            "accuracy": 0.19133409350057012,
            "auc": 0.4909189476874599
        },
        "Polyp": {
            "precision": 0.0,
            "recall": 0.0,
            "f1_score": 0.0,
            "specificity": 1.0,
            "accuracy": 0.9974914481185861,
            "auc": 0.4740616036912333
        },
        "Ulcer": {
            "precision": 0.0186219739292365,
            "recall": 0.055248618784530384,
            "f1_score": 0.027855153203342618,
            "specificity": 0.8746431969552807,
            "accuracy": 0.8408209806157355,
            "auc": 0.38302839705410785
        },
        "Worms": {
            "precision": 0.007460624481901078,
            "recall": 1.0,
            "f1_score": 0.014810751508502468,
            "specificity": 0.17576870123910052,
            "accuracy": 0.18084378563283923,
            "auc": 0.8489665663828123
        }
    }
}