{
    "mean_auc": 0.6724393870220624,
    "balanced_accuracy": 0.26740357416454485,
    "avg_precision": 0.18702889635405634,
    "avg_sensitivity": 0.26740357416454485,
    "avg_f1": 0.11889069623224194,
    "avg_specificity": 0.9082864979330401,
    "class_wise_metrics": {
        "Angioectasia": {
            "precision": 0.13333333333333333,
            "recall": 0.3783783783783784,
            "f1_score": 0.19718309859154928,
            "specificity": 0.9790708371665133,
            "accuracy": 0.9740022805017103,
            "auc": 0.7925172182301898
        },
        "Bleeding": {
            "precision": 0.5572139303482587,
            "recall": 0.6706586826347305,
            "f1_score": 0.6086956521739131,
            "specificity": 0.9560602320414713,
            "accuracy": 0.9343215507411631,
            "auc": 0.9096061148500333
        },
        "Erosion": {
            "precision": 0.10256410256410256,
            "recall": 0.08163265306122448,
            "f1_score": 0.09090909090909091,
            "specificity": 0.9919280442804428,
            "accuracy": 0.9817559863169898,
            "auc": 0.6378233488967542
        },
        "Erythema": {
            "precision": 0.004032258064516129,
            "recall": 0.058823529411764705,
            "f1_score": 0.007547169811320755,
            "specificity": 0.9434523809523809,
            "accuracy": 0.9400228050171038,
            "auc": 0.6426955397543633
        },
        "Foreign Body": {
            "precision": 0.2111801242236025,
            "recall": 0.7083333333333334,
            "f1_score": 0.3253588516746411,
            "specificity": 0.9707170855430021,
            "accuracy": 0.9678449258836944,
            "auc": 0.9565607947121667
        },
        "Lymphangiectasia": {
            "precision": 0.22580645161290322,
            "recall": 0.04516129032258064,
            "f1_score": 0.07526881720430108,
            "specificity": 0.9943262411347518,
            "accuracy": 0.960775370581528,
            "auc": 0.6724548158316175
        },
        "Normal": {
            "precision": 1.0,
            "recall": 0.003403289846851957,
            "f1_score": 0.006783493499152063,
            "specificity": 1.0,
            "accuracy": 0.19863169897377422,
            "auc": 0.7776500792053972
        },
        "Polyp": {
            "precision": 0.004201680672268907,
            "recall": 0.09090909090909091,
            "f1_score": 0.008032128514056224,
            "specificity": 0.9458161865569273,
            "accuracy": 0.9436716077537058,
            "auc": 0.7365631624890884
        },
        "Ulcer": {
            "precision": 0.0078125,
            "recall": 0.0055248618784530384,
            "f1_score": 0.006472491909385114,
            "specificity": 0.969790675547098,
            "accuracy": 0.9299885974914481,
            "auc": 0.4244793172511315
        },
        "Worms": {
            "precision": 0.0,
            "recall": 0.0,
            "f1_score": 0.0,
            "specificity": 0.7384121156493805,
            "accuracy": 0.7338654503990878,
            "auc": 0.17404347899988104
        }
    }
}