{
    "mean_auc": 0.6821873833757486,
    "balanced_accuracy": 0.22981214313783432,
    "avg_precision": 0.20760081144222847,
    "avg_sensitivity": 0.22981214313783432,
    "avg_f1": 0.16011915592435888,
    "avg_specificity": 0.9108625536100836,
    "class_wise_metrics": {
        "Angioectasia": {
            "precision": 0.15555555555555556,
            "recall": 0.1891891891891892,
            "f1_score": 0.17073170731707318,
            "specificity": 0.9912603495860166,
            "accuracy": 0.9844925883694413,
            "auc": 0.8512954076431538
        },
        "Bleeding": {
            "precision": 0.9014778325123153,
            "recall": 0.5479041916167665,
            "f1_score": 0.6815642458100558,
            "specificity": 0.99506294742039,
            "accuracy": 0.9610034207525656,
            "auc": 0.9453494886307365
        },
        "Erosion": {
            "precision": 0.0625,
            "recall": 0.20408163265306123,
            "f1_score": 0.09569377990430622,
            "specificity": 0.9654059040590406,
            "accuracy": 0.9568985176738882,
            "auc": 0.8207484562090519
        },
        "Erythema": {
            "precision": 0.0,
            "recall": 0.0,
            "f1_score": 0.0,
            "specificity": 0.9963369963369964,
            "accuracy": 0.9924743443557583,
            "auc": 0.690274186597716
        },
        "Foreign Body": {
            "precision": 0.010101010101010102,
            "recall": 0.020833333333333332,
            "f1_score": 0.013605442176870748,
            "specificity": 0.9774037353008992,
            "accuracy": 0.9669327251995439,
            "auc": 0.3690627161632465
        },
        "Lymphangiectasia": {
            "precision": 0.0,
            "recall": 0.0,
            "f1_score": 0.0,
            "specificity": 0.9947990543735225,
            "accuracy": 0.9596351197263397,
            "auc": 0.7818531228551819
        },
        "Normal": {
            "precision": 0.86003861003861,
            "recall": 0.2526942711287578,
            "f1_score": 0.3906181499342394,
            "specificity": 0.8311990686845169,
            "accuracy": 0.3660205245153934,
            "auc": 0.597218929792785
        },
        "Polyp": {
            "precision": 0.0335195530726257,
            "recall": 0.5454545454545454,
            "f1_score": 0.06315789473684211,
            "specificity": 0.960448102423411,
            "accuracy": 0.9594070695553022,
            "auc": 0.8585650746144573
        },
        "Ulcer": {
            "precision": 0.08633093525179857,
            "recall": 0.19889502762430938,
            "f1_score": 0.12040133779264214,
            "specificity": 0.909372026641294,
            "accuracy": 0.8800456100342076,
            "auc": 0.5273371585072886
        },
        "Worms": {
            "precision": 0.0006697923643670462,
            "recall": 0.037037037037037035,
            "f1_score": 0.0013157894736842105,
            "specificity": 0.6576411197797155,
            "accuracy": 0.6538198403648803,
            "auc": 0.38016929274386824
        }
    }
}