{
    "mean_auc": 0.5632873632725712,
    "balanced_accuracy": 0.10833437780176751,
    "avg_precision": 0.09993050203746519,
    "avg_sensitivity": 0.10833437780176751,
    "avg_f1": 0.02760248046888127,
    "avg_specificity": 0.9065232110447414,
    "class_wise_metrics": {
        "Angioectasia": {
            "precision": 0.00580046403712297,
            "recall": 0.13513513513513514,
            "f1_score": 0.011123470522803115,
            "specificity": 0.8028978840846366,
            "accuracy": 0.7972633979475484,
            "auc": 0.4382194982470971
        },
        "Bleeding": {
            "precision": 0.07239819004524888,
            "recall": 0.04790419161676647,
            "f1_score": 0.05765765765765766,
            "specificity": 0.9493952110589978,
            "accuracy": 0.8807297605473204,
            "auc": 0.4429714996075486
        },
        "Erosion": {
            "precision": 0.008726899383983572,
            "recall": 0.3469387755102041,
            "f1_score": 0.01702553830746119,
            "specificity": 0.5546586715867159,
            "accuracy": 0.5523375142531357,
            "auc": 0.4396038858347767
        },
        "Erythema": {
            "precision": 0.0,
            "recall": 0.0,
            "f1_score": 0.0,
            "specificity": 0.9988553113553114,
            "accuracy": 0.9949828962371722,
            "auc": 0.5192307692307693
        },
        "Foreign Body": {
            "precision": 0.011165387299371946,
            "recall": 1.0,
            "f1_score": 0.022084195997239476,
            "specificity": 0.019829375144108832,
            "accuracy": 0.03055872291904219,
            "auc": 0.8449821305049574
        },
        "Lymphangiectasia": {
            "precision": 0.036593479707252165,
            "recall": 0.3548387096774194,
            "f1_score": 0.06634499396863691,
            "specificity": 0.6576832151300236,
            "accuracy": 0.6469783352337515,
            "auc": 0.49153359261801266
        },
        "Normal": {
            "precision": 0.8206756413512827,
            "recall": 0.9163357912648894,
            "f1_score": 0.8658716333913976,
            "specificity": 0.1781140861466822,
            "accuracy": 0.7717217787913341,
            "auc": 0.6176188592705972
        },
        "Polyp": {
            "precision": 0.0,
            "recall": 0.0,
            "f1_score": 0.0,
            "specificity": 0.9782807498856881,
            "accuracy": 0.9758266818700114,
            "auc": 0.6357816851644011
        },
        "Ulcer": {
            "precision": 0.0,
            "recall": 0.0,
            "f1_score": 0.0,
            "specificity": 1.0,
            "accuracy": 0.9587229190421893,
            "auc": 0.4717179376652596
        },
        "Worms": {
            "precision": 0.0,
            "recall": 0.0,
            "f1_score": 0.0,
            "specificity": 1.0,
            "accuracy": 0.9938426453819841,
            "auc": 0.7312137745822923
        }
    }
}