{
    "mean_auc": 0.819737973091005,
    "balanced_accuracy": 0.1918587700339743,
    "avg_precision": 0.16576784009875248,
    "avg_sensitivity": 0.1918587700339743,
    "avg_f1": 0.055007394501173625,
    "avg_specificity": 0.8811854353866568,
    "class_wise_metrics": {
        "Angioectasia": {
            "precision": 0.3,
            "recall": 0.08108108108108109,
            "f1_score": 0.1276595744680851,
            "specificity": 0.9983900643974241,
            "accuracy": 0.9906499429874572,
            "auc": 0.9188381113404112
        },
        "Bleeding": {
            "precision": 0.9629629629629629,
            "recall": 0.07784431137724551,
            "f1_score": 0.1440443213296399,
            "specificity": 0.9997531473710195,
            "accuracy": 0.9295324971493729,
            "auc": 0.9798785544191795
        },
        "Erosion": {
            "precision": 0.0,
            "recall": 0.0,
            "f1_score": 0.0,
            "specificity": 0.9997693726937269,
            "accuracy": 0.9885974914481186,
            "auc": 0.8691566571277958
        },
        "Erythema": {
            "precision": 0.0,
            "recall": 0.0,
            "f1_score": 0.0,
            "specificity": 1.0,
            "accuracy": 0.9961231470923603,
            "auc": 0.8870798319327732
        },
        "Foreign Body": {
            "precision": 0.0,
            "recall": 0.0,
            "f1_score": 0.0,
            "specificity": 0.9997694258704174,
            "accuracy": 0.9888255416191563,
            "auc": 0.9276477595880409
        },
        "Lymphangiectasia": {
            "precision": 0.0,
            "recall": 0.0,
            "f1_score": 0.0,
            "specificity": 1.0,
            "accuracy": 0.9646522234891676,
            "auc": 0.8925722565393123
        },
        "Normal": {
            "precision": 0.2953216374269006,
            "recall": 0.02864435621100397,
            "f1_score": 0.05222337125129266,
            "specificity": 0.719441210710128,
            "accuracy": 0.16396807297605473,
            "auc": 0.30996746602818115
        },
        "Polyp": {
            "precision": 0.01694915254237288,
            "recall": 0.09090909090909091,
            "f1_score": 0.02857142857142857,
            "specificity": 0.9867398262459991,
            "accuracy": 0.9844925883694413,
            "auc": 0.9042482437544167
        },
        "Ulcer": {
            "precision": 0.07553475935828877,
            "recall": 0.6243093922651933,
            "f1_score": 0.1347644603458557,
            "specificity": 0.6710275927687916,
            "accuracy": 0.6690992018244014,
            "auc": 0.703939552438877
        },
        "Worms": {
            "precision": 0.01113490364025696,
            "recall": 0.9629629629629629,
            "f1_score": 0.02201524132091448,
            "specificity": 0.47016980266177144,
            "accuracy": 0.4732041049030787,
            "auc": 0.8040512977410637
        }
    }
}