{
    "mean_auc": 0.7486922348657161,
    "balanced_accuracy": 0.275918641938823,
    "avg_precision": 0.21471010900839302,
    "avg_sensitivity": 0.275918641938823,
    "avg_f1": 0.14426150375009686,
    "avg_specificity": 0.9045030594652346,
    "class_wise_metrics": {
        "Angioectasia": {
            "precision": 0.22857142857142856,
            "recall": 0.21621621621621623,
            "f1_score": 0.2222222222222222,
            "specificity": 0.9937902483900644,
            "accuracy": 0.9872291904218928,
            "auc": 0.8453653745742062
        },
        "Bleeding": {
            "precision": 0.8592964824120602,
            "recall": 0.5119760479041916,
            "f1_score": 0.6416510318949343,
            "specificity": 0.993088126388546,
            "accuracy": 0.956442417331813,
            "auc": 0.9118167023149456
        },
        "Erosion": {
            "precision": 0.14814814814814814,
            "recall": 0.08163265306122448,
            "f1_score": 0.10526315789473684,
            "specificity": 0.9946955719557196,
            "accuracy": 0.9844925883694413,
            "auc": 0.6102139656600648
        },
        "Erythema": {
            "precision": 0.0,
            "recall": 0.0,
            "f1_score": 0.0,
            "specificity": 0.99496336996337,
            "accuracy": 0.9911060433295324,
            "auc": 0.6596369316957552
        },
        "Foreign Body": {
            "precision": 0.13333333333333333,
            "recall": 0.041666666666666664,
            "f1_score": 0.06349206349206349,
            "specificity": 0.9970025363154255,
            "accuracy": 0.98654503990878,
            "auc": 0.9326291215125663
        },
        "Lymphangiectasia": {
            "precision": 0.0,
            "recall": 0.0,
            "f1_score": 0.0,
            "specificity": 0.9997635933806147,
            "accuracy": 0.96442417331813,
            "auc": 0.7288988027148631
        },
        "Normal": {
            "precision": 0.8111702127659575,
            "recall": 0.08650028360748724,
            "f1_score": 0.15633008713480268,
            "specificity": 0.9173457508731082,
            "accuracy": 0.2492588369441277,
            "auc": 0.5804484497994938
        },
        "Polyp": {
            "precision": 0.10810810810810811,
            "recall": 0.36363636363636365,
            "f1_score": 0.16666666666666666,
            "specificity": 0.9924554183813443,
            "accuracy": 0.9908779931584949,
            "auc": 0.9366608471546742
        },
        "Ulcer": {
            "precision": 0.028100183262064753,
            "recall": 0.2541436464088398,
            "f1_score": 0.050605060506050605,
            "specificity": 0.6215509039010466,
            "accuracy": 0.6063854047890536,
            "auc": 0.41806737597973
        },
        "Worms": {
            "precision": 0.016307893020221786,
            "recall": 0.9259259259259259,
            "f1_score": 0.03205128205128205,
            "specificity": 0.6539697108765489,
            "accuracy": 0.6556442417331813,
            "auc": 0.8631847772508626
        }
    }
}