{
    "mean_auc": 0.6585702640981819,
    "balanced_accuracy": 0.3509284826741309,
    "avg_precision": 0.233100416260254,
    "avg_sensitivity": 0.3509284826741309,
    "avg_f1": 0.18927891929174892,
    "avg_specificity": 0.9275412513460587,
    "class_wise_metrics": {
        "Angioectasia": {
            "precision": 0.05016722408026756,
            "recall": 0.40540540540540543,
            "f1_score": 0.08928571428571429,
            "specificity": 0.9346826126954921,
            "accuracy": 0.9302166476624858,
            "auc": 0.6525460603197494
        },
        "Bleeding": {
            "precision": 0.8871595330739299,
            "recall": 0.6826347305389222,
            "f1_score": 0.7715736040609137,
            "specificity": 0.9928412737595655,
            "accuracy": 0.9692132269099202,
            "auc": 0.881897276786836
        },
        "Erosion": {
            "precision": 0.029005524861878452,
            "recall": 0.42857142857142855,
            "f1_score": 0.054333764553686936,
            "specificity": 0.8378690036900369,
            "accuracy": 0.8332953249714937,
            "auc": 0.6433113374501092
        },
        "Erythema": {
            "precision": 0.02564102564102564,
            "recall": 0.11764705882352941,
            "f1_score": 0.042105263157894736,
            "specificity": 0.9826007326007326,
            "accuracy": 0.9792474344355758,
            "auc": 0.3288353803059686
        },
        "Foreign Body": {
            "precision": 0.39655172413793105,
            "recall": 0.4791666666666667,
            "f1_score": 0.4339622641509434,
            "specificity": 0.9919299054646069,
            "accuracy": 0.9863169897377423,
            "auc": 0.9111136730458843
        },
        "Lymphangiectasia": {
            "precision": 0.25,
            "recall": 0.03225806451612903,
            "f1_score": 0.05714285714285714,
            "specificity": 0.9964539007092199,
            "accuracy": 0.9623717217787914,
            "auc": 0.6332189430336308
        },
        "Normal": {
            "precision": 0.9245454545454546,
            "recall": 0.28842881452070335,
            "f1_score": 0.4396887159533074,
            "specificity": 0.9033760186263097,
            "accuracy": 0.4088939566704675,
            "auc": 0.8028396406009706
        },
        "Polyp": {
            "precision": 0.016129032258064516,
            "recall": 0.9090909090909091,
            "f1_score": 0.03169572107765452,
            "specificity": 0.8605395518975766,
            "accuracy": 0.8606613454960091,
            "auc": 0.9288148979507005
        },
        "Ulcer": {
            "precision": 0.0,
            "recall": 0.0,
            "f1_score": 0.0,
            "specificity": 1.0,
            "accuracy": 0.9587229190421893,
            "auc": 0.3739105350862898
        },
        "Worms": {
            "precision": 0.0,
            "recall": 0.0,
            "f1_score": 0.0,
            "specificity": 0.9919687930243231,
            "accuracy": 0.9858608893956671,
            "auc": 0.42921489640167926
        }
    }
}