{
    "mean_auc": 0.7736101984804552,
    "balanced_accuracy": 0.3719341002011956,
    "avg_precision": 0.24010272963996565,
    "avg_sensitivity": 0.3719341002011956,
    "avg_f1": 0.21805722818242407,
    "avg_specificity": 0.9319944236129754,
    "class_wise_metrics": {
        "Angioectasia": {
            "precision": 0.16666666666666666,
            "recall": 0.2702702702702703,
            "f1_score": 0.20618556701030927,
            "specificity": 0.9885004599816007,
            "accuracy": 0.9824401368301027,
            "auc": 0.8342698724483453
        },
        "Bleeding": {
            "precision": 0.9102040816326531,
            "recall": 0.6676646706586826,
            "f1_score": 0.770293609671848,
            "specificity": 0.994569242162429,
            "accuracy": 0.9696693272519954,
            "auc": 0.9683119566840154
        },
        "Erosion": {
            "precision": 0.05263157894736842,
            "recall": 0.16326530612244897,
            "f1_score": 0.07960199004975124,
            "specificity": 0.966789667896679,
            "accuracy": 0.9578107183580388,
            "auc": 0.8217627456886815
        },
        "Erythema": {
            "precision": 0.0,
            "recall": 0.0,
            "f1_score": 0.0,
            "specificity": 0.9961080586080586,
            "accuracy": 0.9922462941847207,
            "auc": 0.7343783667313079
        },
        "Foreign Body": {
            "precision": 0.057692307692307696,
            "recall": 0.0625,
            "f1_score": 0.06,
            "specificity": 0.9887018676504497,
            "accuracy": 0.978563283922463,
            "auc": 0.6823553147336869
        },
        "Lymphangiectasia": {
            "precision": 0.18518518518518517,
            "recall": 0.03225806451612903,
            "f1_score": 0.054945054945054944,
            "specificity": 0.9947990543735225,
            "accuracy": 0.960775370581528,
            "auc": 0.6774254556546939
        },
        "Normal": {
            "precision": 0.909877800407332,
            "recall": 0.5068065796937039,
            "f1_score": 0.6510018214936247,
            "specificity": 0.7939464493597206,
            "accuracy": 0.5630558722919042,
            "auc": 0.7695228592917274
        },
        "Polyp": {
            "precision": 0.10714285714285714,
            "recall": 0.8181818181818182,
            "f1_score": 0.18947368421052632,
            "specificity": 0.9828532235939643,
            "accuracy": 0.9824401368301027,
            "auc": 0.9945545994928711
        },
        "Ulcer": {
            "precision": 0.04703476482617587,
            "recall": 0.1270718232044199,
            "f1_score": 0.06865671641791045,
            "specificity": 0.8891531874405328,
            "accuracy": 0.85769669327252,
            "auc": 0.5322844331365549
        },
        "Worms": {
            "precision": 0.020969855832241154,
            "recall": 0.5925925925925926,
            "f1_score": 0.04050632911392405,
            "specificity": 0.8285910968334098,
            "accuracy": 0.8271379703534778,
            "auc": 0.7212363809426683
        }
    }
}