{
    "mean_auc": 0.7113022850770593,
    "balanced_accuracy": 0.15410793724490376,
    "avg_precision": 0.2670431477050134,
    "avg_sensitivity": 0.15410793724490376,
    "avg_f1": 0.06279380186733924,
    "avg_specificity": 0.8645573724267935,
    "class_wise_metrics": {
        "Angioectasia": {
            "precision": 0.07692307692307693,
            "recall": 0.10810810810810811,
            "f1_score": 0.0898876404494382,
            "specificity": 0.9889604415823368,
            "accuracy": 0.9815279361459521,
            "auc": 0.8249583530172306
        },
        "Bleeding": {
            "precision": 0.5,
            "recall": 0.017964071856287425,
            "f1_score": 0.03468208092485549,
            "specificity": 0.998518884226117,
            "accuracy": 0.9238312428734321,
            "auc": 0.7986768994718536
        },
        "Erosion": {
            "precision": 0.0392156862745098,
            "recall": 0.08163265306122448,
            "f1_score": 0.052980132450331126,
            "specificity": 0.9773985239852399,
            "accuracy": 0.9673888255416192,
            "auc": 0.8226311280969952
        },
        "Erythema": {
            "precision": 0.0,
            "recall": 0.0,
            "f1_score": 0.0,
            "specificity": 1.0,
            "accuracy": 0.9961231470923603,
            "auc": 0.8532509157509158
        },
        "Foreign Body": {
            "precision": 0.4,
            "recall": 0.041666666666666664,
            "f1_score": 0.07547169811320754,
            "specificity": 0.9993082776112521,
            "accuracy": 0.9888255416191563,
            "auc": 0.8764170701713935
        },
        "Lymphangiectasia": {
            "precision": 1.0,
            "recall": 0.0064516129032258064,
            "f1_score": 0.01282051282051282,
            "specificity": 1.0,
            "accuracy": 0.9648802736602052,
            "auc": 0.8658232288568596
        },
        "Normal": {
            "precision": 0.4274905422446406,
            "recall": 0.09614293817356778,
            "f1_score": 0.15698078258856216,
            "specificity": 0.47147846332945287,
            "accuracy": 0.16966932725199543,
            "auc": 0.18196771430854247
        },
        "Polyp": {
            "precision": 0.06493506493506493,
            "recall": 0.45454545454545453,
            "f1_score": 0.11363636363636363,
            "specificity": 0.9835390946502057,
            "accuracy": 0.982212086659065,
            "auc": 0.9109095065885189
        },
        "Ulcer": {
            "precision": 0.007488479262672811,
            "recall": 0.0718232044198895,
            "f1_score": 0.013562858633281168,
            "specificity": 0.590152235965747,
            "accuracy": 0.5687571265678449,
            "auc": 0.28438976822915296
        },
        "Worms": {
            "precision": 0.010786802030456852,
            "recall": 0.6296296296296297,
            "f1_score": 0.021210230817217717,
            "specificity": 0.6422670949977054,
            "accuracy": 0.6421892816419612,
            "auc": 0.6939982662791291
        }
    }
}