{
    "mean_auc": 0.6011660363104763,
    "balanced_accuracy": 0.22317735025938262,
    "avg_precision": 0.19581817656764636,
    "avg_sensitivity": 0.22317735025938262,
    "avg_f1": 0.15074003510847123,
    "avg_specificity": 0.9229189768288041,
    "class_wise_metrics": {
        "Angioectasia": {
            "precision": 0.125,
            "recall": 0.05405405405405406,
            "f1_score": 0.07547169811320754,
            "specificity": 0.9967801287948482,
            "accuracy": 0.9888255416191563,
            "auc": 0.5404535169944554
        },
        "Bleeding": {
            "precision": 0.893719806763285,
            "recall": 0.5538922155688623,
            "f1_score": 0.6839186691312384,
            "specificity": 0.994569242162429,
            "accuracy": 0.9610034207525656,
            "auc": 0.8515935298004336
        },
        "Erosion": {
            "precision": 0.035326086956521736,
            "recall": 0.2653061224489796,
            "f1_score": 0.06235011990407674,
            "specificity": 0.9181273062730627,
            "accuracy": 0.9108323831242874,
            "auc": 0.6388446983959636
        },
        "Erythema": {
            "precision": 0.0,
            "recall": 0.0,
            "f1_score": 0.0,
            "specificity": 0.997481684981685,
            "accuracy": 0.9936145952109464,
            "auc": 0.5361317603964663
        },
        "Foreign Body": {
            "precision": 0.07142857142857142,
            "recall": 0.041666666666666664,
            "f1_score": 0.05263157894736842,
            "specificity": 0.9940050726308508,
            "accuracy": 0.9835803876852908,
            "auc": 0.2696420336638229
        },
        "Lymphangiectasia": {
            "precision": 0.0,
            "recall": 0.0,
            "f1_score": 0.0,
            "specificity": 0.9959810874704492,
            "accuracy": 0.960775370581528,
            "auc": 0.6695920079310608
        },
        "Normal": {
            "precision": 0.8961290322580645,
            "recall": 0.393930799773114,
            "f1_score": 0.5472813238770685,
            "specificity": 0.8125727590221188,
            "accuracy": 0.4759407069555302,
            "auc": 0.6938133618415535
        },
        "Polyp": {
            "precision": 0.019736842105263157,
            "recall": 0.2727272727272727,
            "f1_score": 0.03680981595092025,
            "specificity": 0.9659350708733425,
            "accuracy": 0.9641961231470924,
            "auc": 0.7560585276634659
        },
        "Ulcer": {
            "precision": 0.011627906976744186,
            "recall": 0.011049723756906077,
            "f1_score": 0.0113314447592068,
            "specificity": 0.9595623215984777,
            "accuracy": 0.9204104903078677,
            "auc": 0.4015782128044325
        },
        "Worms": {
            "precision": 0.011372867587327376,
            "recall": 0.5185185185185185,
            "f1_score": 0.022257551669316374,
            "specificity": 0.7207434603028913,
            "accuracy": 0.7194982896237172,
            "auc": 0.6539527136131082
        }
    }
}