{
    "mean_auc": 0.706591616528667,
    "balanced_accuracy": 0.11959595005728907,
    "avg_precision": 0.26327964893750816,
    "avg_sensitivity": 0.11959595005728907,
    "avg_f1": 0.15240834448950286,
    "avg_specificity": 0.9193957486316698,
    "class_wise_metrics": {
        "Angioectasia": {
            "precision": 0.1568627450980392,
            "recall": 0.21621621621621623,
            "f1_score": 0.18181818181818182,
            "specificity": 0.9901103955841767,
            "accuracy": 0.9835803876852908,
            "auc": 0.9242522191004252
        },
        "Bleeding": {
            "precision": 0.9805825242718447,
            "recall": 0.3023952095808383,
            "f1_score": 0.4622425629290618,
            "specificity": 0.999506294742039,
            "accuracy": 0.9464082098061574,
            "auc": 0.9227033467008219
        },
        "Erosion": {
            "precision": 0.0392156862745098,
            "recall": 0.04081632653061224,
            "f1_score": 0.04,
            "specificity": 0.9886992619926199,
            "accuracy": 0.9781071835803877,
            "auc": 0.8162112169591083
        },
        "Erythema": {
            "precision": 0.0,
            "recall": 0.0,
            "f1_score": 0.0,
            "specificity": 0.9993131868131868,
            "accuracy": 0.9954389965792474,
            "auc": 0.7490977160094807
        },
        "Foreign Body": {
            "precision": 0.5,
            "recall": 0.0625,
            "f1_score": 0.1111111111111111,
            "specificity": 0.9993082776112521,
            "accuracy": 0.9890535917901938,
            "auc": 0.8986866881869188
        },
        "Lymphangiectasia": {
            "precision": 0.0,
            "recall": 0.0,
            "f1_score": 0.0,
            "specificity": 0.9997635933806147,
            "accuracy": 0.96442417331813,
            "auc": 0.5711339891710516
        },
        "Normal": {
            "precision": 0.8848580441640379,
            "recall": 0.47731140102098696,
            "f1_score": 0.6201179071481209,
            "specificity": 0.7450523864959255,
            "accuracy": 0.5297605473204104,
            "auc": 0.6456482923791796
        },
        "Polyp": {
            "precision": 0.0,
            "recall": 0.0,
            "f1_score": 0.0,
            "specificity": 0.9291266575217193,
            "accuracy": 0.9267958950969213,
            "auc": 0.7222430061936235
        },
        "Ulcer": {
            "precision": 0.016129032258064516,
            "recall": 0.0055248618784530384,
            "f1_score": 0.00823045267489712,
            "specificity": 0.9854900095147479,
            "accuracy": 0.9450399087799316,
            "auc": 0.6457970835457945
        },
        "Worms": {
            "precision": 0.0,
            "recall": 0.0,
            "f1_score": 0.0,
            "specificity": 0.591096833409821,
            "accuracy": 0.5874572405929305,
            "auc": 0.17014260704026654
        }
    }
}