{
    "mean_auc": 0.8570334381684503,
    "balanced_accuracy": 0.35732837222516356,
    "avg_precision": 0.30303202544355345,
    "avg_sensitivity": 0.35732837222516356,
    "avg_f1": 0.2495442754660278,
    "avg_specificity": 0.9569758333906069,
    "class_wise_metrics": {
        "Angioectasia": {
            "precision": 0.2191780821917808,
            "recall": 0.43243243243243246,
            "f1_score": 0.2909090909090909,
            "specificity": 0.9868905243790248,
            "accuracy": 0.982212086659065,
            "auc": 0.8879758323180587
        },
        "Bleeding": {
            "precision": 0.9120370370370371,
            "recall": 0.5898203592814372,
            "f1_score": 0.7163636363636363,
            "specificity": 0.9953098000493705,
            "accuracy": 0.96442417331813,
            "auc": 0.9683503888298446
        },
        "Erosion": {
            "precision": 0.05737704918032787,
            "recall": 0.14285714285714285,
            "f1_score": 0.08187134502923976,
            "specificity": 0.9734778597785978,
            "accuracy": 0.9641961231470924,
            "auc": 0.8144885721816403
        },
        "Erythema": {
            "precision": 0.0,
            "recall": 0.0,
            "f1_score": 0.0,
            "specificity": 0.9956501831501832,
            "accuracy": 0.9917901938426453,
            "auc": 0.8117997198879552
        },
        "Foreign Body": {
            "precision": 0.15384615384615385,
            "recall": 0.041666666666666664,
            "f1_score": 0.06557377049180328,
            "specificity": 0.9974636845745908,
            "accuracy": 0.9870011402508552,
            "auc": 0.8650420797786489
        },
        "Lymphangiectasia": {
            "precision": 0.25,
            "recall": 0.0064516129032258064,
            "f1_score": 0.012578616352201259,
            "specificity": 0.999290780141844,
            "accuracy": 0.9641961231470924,
            "auc": 0.6356424921833295
        },
        "Normal": {
            "precision": 0.9340882694541232,
            "recall": 0.9123652864435621,
            "f1_score": 0.9230989956958393,
            "specificity": 0.7357392316647264,
            "accuracy": 0.8777651083238313,
            "auc": 0.8669524311995969
        },
        "Polyp": {
            "precision": 0.15714285714285714,
            "recall": 1.0,
            "f1_score": 0.2716049382716049,
            "specificity": 0.9865112025605853,
            "accuracy": 0.98654503990878,
            "auc": 0.998856881572931
        },
        "Ulcer": {
            "precision": 0.0,
            "recall": 0.0,
            "f1_score": 0.0,
            "specificity": 1.0,
            "accuracy": 0.9587229190421893,
            "auc": 0.8572465844157894
        },
        "Worms": {
            "precision": 0.0,
            "recall": 0.0,
            "f1_score": 0.0,
            "specificity": 0.9997705369435521,
            "accuracy": 0.9936145952109464,
            "auc": 0.86397939931671
        }
    }
}