{
    "mean_auc": 0.7271482530785047,
    "balanced_accuracy": 0.33593417633387646,
    "avg_precision": 0.27234039074430005,
    "avg_sensitivity": 0.33593417633387646,
    "avg_f1": 0.24909479418122854,
    "avg_specificity": 0.9431164508545711,
    "class_wise_metrics": {
        "Angioectasia": {
            "precision": 0.06962025316455696,
            "recall": 0.2972972972972973,
            "f1_score": 0.11282051282051282,
            "specificity": 0.9661913523459061,
            "accuracy": 0.9605473204104903,
            "auc": 0.7332231035082921
        },
        "Bleeding": {
            "precision": 0.9308755760368663,
            "recall": 0.6047904191616766,
            "f1_score": 0.7332123411978222,
            "specificity": 0.9962972105652925,
            "accuracy": 0.9664766248574687,
            "auc": 0.9003033183201605
        },
        "Erosion": {
            "precision": 0.03814713896457766,
            "recall": 0.2857142857142857,
            "f1_score": 0.0673076923076923,
            "specificity": 0.9185885608856088,
            "accuracy": 0.9115165336374003,
            "auc": 0.6600765306122449
        },
        "Erythema": {
            "precision": 0.0625,
            "recall": 0.11764705882352941,
            "f1_score": 0.08163265306122448,
            "specificity": 0.9931318681318682,
            "accuracy": 0.9897377423033067,
            "auc": 0.7438456151691446
        },
        "Foreign Body": {
            "precision": 0.6304347826086957,
            "recall": 0.6041666666666666,
            "f1_score": 0.6170212765957447,
            "specificity": 0.9960802397970948,
            "accuracy": 0.9917901938426453,
            "auc": 0.9241363077396049
        },
        "Lymphangiectasia": {
            "precision": 0.15789473684210525,
            "recall": 0.01935483870967742,
            "f1_score": 0.034482758620689655,
            "specificity": 0.9962174940898345,
            "accuracy": 0.9616875712656785,
            "auc": 0.4159597346145047
        },
        "Normal": {
            "precision": 0.9105937921727395,
            "recall": 0.7654566080544526,
            "f1_score": 0.8317411402157164,
            "specificity": 0.6915017462165308,
            "accuracy": 0.7509692132269099,
            "auc": 0.7835657219907067
        },
        "Polyp": {
            "precision": 0.025925925925925925,
            "recall": 0.6363636363636364,
            "f1_score": 0.0498220640569395,
            "specificity": 0.9398719707361682,
            "accuracy": 0.9391106043329532,
            "auc": 0.9162613792243424
        },
        "Ulcer": {
            "precision": 0.0,
            "recall": 0.0,
            "f1_score": 0.0,
            "specificity": 0.9895337773549001,
            "accuracy": 0.9486887115165337,
            "auc": 0.4762059022977327
        },
        "Worms": {
            "precision": 0.0,
            "recall": 0.0,
            "f1_score": 0.0,
            "specificity": 0.9775126204681046,
            "accuracy": 0.9714937286202965,
            "auc": 0.7179049173083133
        }
    }
}