{
    "mean_auc": 0.6968434664267342,
    "balanced_accuracy": 0.2465738627743212,
    "avg_precision": 0.25262316303699733,
    "avg_sensitivity": 0.2465738627743212,
    "avg_f1": 0.19054632439033944,
    "avg_specificity": 0.9192765289858578,
    "class_wise_metrics": {
        "Angioectasia": {
            "precision": 0.3333333333333333,
            "recall": 0.1891891891891892,
            "f1_score": 0.2413793103448276,
            "specificity": 0.9967801287948482,
            "accuracy": 0.9899657924743444,
            "auc": 0.8825555085904672
        },
        "Bleeding": {
            "precision": 0.9145299145299145,
            "recall": 0.6407185628742516,
            "f1_score": 0.7535211267605634,
            "specificity": 0.99506294742039,
            "accuracy": 0.9680729760547321,
            "auc": 0.9468705147099038
        },
        "Erosion": {
            "precision": 0.08875739644970414,
            "recall": 0.30612244897959184,
            "f1_score": 0.13761467889908258,
            "specificity": 0.9644833948339483,
            "accuracy": 0.9571265678449259,
            "auc": 0.8595550304992846
        },
        "Erythema": {
            "precision": 0.0,
            "recall": 0.0,
            "f1_score": 0.0,
            "specificity": 0.9945054945054945,
            "accuracy": 0.9906499429874572,
            "auc": 0.6829212454212454
        },
        "Foreign Body": {
            "precision": 0.0,
            "recall": 0.0,
            "f1_score": 0.0,
            "specificity": 0.9976942587041734,
            "accuracy": 0.9867730900798175,
            "auc": 0.5887374144954269
        },
        "Lymphangiectasia": {
            "precision": 0.0,
            "recall": 0.0,
            "f1_score": 0.0,
            "specificity": 0.9995271867612293,
            "accuracy": 0.9641961231470924,
            "auc": 0.8419187066270113
        },
        "Normal": {
            "precision": 0.8782383419689119,
            "recall": 0.38457175269427113,
            "f1_score": 0.5349112426035503,
            "specificity": 0.7811408614668219,
            "accuracy": 0.46225769669327255,
            "auc": 0.5973746002587134
        },
        "Polyp": {
            "precision": 0.08045977011494253,
            "recall": 0.6363636363636364,
            "f1_score": 0.14285714285714285,
            "specificity": 0.9817101051668953,
            "accuracy": 0.9808437856328392,
            "auc": 0.9579540258552603
        },
        "Ulcer": {
            "precision": 0.002932551319648094,
            "recall": 0.0055248618784530384,
            "f1_score": 0.0038314176245210726,
            "specificity": 0.9191246431969553,
            "accuracy": 0.8814139110604333,
            "auc": 0.3914273961657143
        },
        "Worms": {
            "precision": 0.0006622516556291391,
            "recall": 0.037037037037037035,
            "f1_score": 0.0013012361743656475,
            "specificity": 0.653740247820101,
            "accuracy": 0.6499429874572406,
            "auc": 0.21912022164431527
        }
    }
}