{
    "mean_auc": 0.9997905010421038,
    "balanced_accuracy": 0.9645946453423649,
    "avg_precision": 0.9635029042907298,
    "avg_sensitivity": 0.9645946453423649,
    "avg_f1": 0.9639584081381807,
    "avg_specificity": 0.9985171754901799,
    "class_wise_metrics": {
        "Angioectasia": {
            "precision": 0.9758551307847082,
            "recall": 0.9758551307847082,
            "f1_score": 0.9758551307847082,
            "specificity": 0.9992324912056284,
            "accuracy": 0.9985122737416315,
            "auc": 0.9997801326668035
        },
        "Bleeding": {
            "precision": 0.9518413597733711,
            "recall": 0.935933147632312,
            "f1_score": 0.9438202247191011,
            "specificity": 0.9989222088378875,
            "accuracy": 0.9975204562360526,
            "auc": 0.9998360266927705
        },
        "Erosion": {
            "precision": 0.9435763888888888,
            "recall": 0.9411255411255411,
            "f1_score": 0.9423493714781102,
            "specificity": 0.9956600120184282,
            "accuracy": 0.9917555169848747,
            "auc": 0.9993049371229247
        },
        "Erythema": {
            "precision": 0.8603174603174604,
            "recall": 0.9124579124579124,
            "f1_score": 0.8856209150326797,
            "specificity": 0.9972213451215661,
            "accuracy": 0.995660798413092,
            "auc": 0.999344779231107
        },
        "Foreign Body": {
            "precision": 0.9647058823529412,
            "recall": 0.9647058823529412,
            "f1_score": 0.9647058823529412,
            "specificity": 0.9992401215805471,
            "accuracy": 0.9985122737416315,
            "auc": 0.9999121856189285
        },
        "Lymphangiectasia": {
            "precision": 0.9823008849557522,
            "recall": 0.9708454810495627,
            "f1_score": 0.9765395894428153,
            "specificity": 0.999619988599658,
            "accuracy": 0.999008182494421,
            "auc": 0.9999704558678063
        },
        "Normal": {
            "precision": 0.9989420572916666,
            "recall": 0.9990233580206722,
            "f1_score": 0.9989827060020345,
            "specificity": 0.9966189856957087,
            "accuracy": 0.9984502851475329,
            "auc": 0.9999553801193666
        },
        "Polyp": {
            "precision": 0.9574898785425101,
            "recall": 0.946,
            "f1_score": 0.9517102615694165,
            "specificity": 0.9986566018423746,
            "accuracy": 0.9970245474832631,
            "auc": 0.9998011131013306
        },
        "Ulcer": {
            "precision": 1.0,
            "recall": 1.0,
            "f1_score": 1.0,
            "specificity": 1.0,
            "accuracy": 1.0,
            "auc": 1.0
        },
        "Worms": {
            "precision": 1.0,
            "recall": 1.0,
            "f1_score": 1.0,
            "specificity": 1.0,
            "accuracy": 1.0,
            "auc": 1.0
        }
    }
}