{
    "mean_auc": 0.9932449361720256,
    "balanced_accuracy": 0.8595115357916739,
    "avg_precision": 0.8791407489109115,
    "avg_sensitivity": 0.8595115357916739,
    "avg_f1": 0.8688474306161507,
    "avg_specificity": 0.9903515037358142,
    "class_wise_metrics": {
        "Angioectasia": {
            "precision": 0.8645833333333334,
            "recall": 0.8350100603621731,
            "f1_score": 0.849539406345957,
            "specificity": 0.9958426606971538,
            "accuracy": 0.9908876766674932,
            "auc": 0.9900107392033687
        },
        "Bleeding": {
            "precision": 0.8830409356725146,
            "recall": 0.841225626740947,
            "f1_score": 0.8616262482168331,
            "specificity": 0.9974640207950295,
            "accuracy": 0.9939871063724275,
            "auc": 0.9948968716506663
        },
        "Erosion": {
            "precision": 0.7877786952931461,
            "recall": 0.825974025974026,
            "f1_score": 0.8064243448858833,
            "specificity": 0.9828403552113241,
            "accuracy": 0.9716092239028019,
            "auc": 0.9868270164324114
        },
        "Erythema": {
            "precision": 0.6758620689655173,
            "recall": 0.6599326599326599,
            "f1_score": 0.6678023850085179,
            "specificity": 0.9940637827597095,
            "accuracy": 0.9879122241507563,
            "auc": 0.9873175497741332
        },
        "Foreign Body": {
            "precision": 0.8830409356725146,
            "recall": 0.888235294117647,
            "f1_score": 0.8856304985337243,
            "specificity": 0.997467071935157,
            "accuracy": 0.9951648896603025,
            "auc": 0.9955160654687407
        },
        "Lymphangiectasia": {
            "precision": 0.9151515151515152,
            "recall": 0.880466472303207,
            "f1_score": 0.8974739970282318,
            "specificity": 0.9982266134650706,
            "accuracy": 0.9957227870071906,
            "auc": 0.9931059690780033
        },
        "Normal": {
            "precision": 0.9822657705077334,
            "recall": 0.9872222674371287,
            "f1_score": 0.984737782107485,
            "specificity": 0.9430429128738621,
            "accuracy": 0.9766922886188941,
            "auc": 0.9964168415495757
        },
        "Polyp": {
            "precision": 0.8212669683257918,
            "recall": 0.726,
            "f1_score": 0.7707006369426752,
            "specificity": 0.994946264073695,
            "accuracy": 0.9866104636746839,
            "auc": 0.9885674897645855
        },
        "Ulcer": {
            "precision": 0.9784172661870504,
            "recall": 0.951048951048951,
            "f1_score": 0.9645390070921985,
            "specificity": 0.9996213555471413,
            "accuracy": 0.9987602281180263,
            "auc": 0.9997908187987703
        },
        "Worms": {
            "precision": 1.0,
            "recall": 1.0,
            "f1_score": 1.0,
            "specificity": 1.0,
            "accuracy": 1.0,
            "auc": 1.0
        }
    }
}