{
    "mean_auc": 0.9843775651271385,
    "balanced_accuracy": 0.7796339999945742,
    "avg_precision": 0.7574338307989767,
    "avg_sensitivity": 0.7796339999945742,
    "avg_f1": 0.7528286141191486,
    "avg_specificity": 0.9865119888504592,
    "class_wise_metrics": {
        "Angioectasia": {
            "precision": 0.7005347593582888,
            "recall": 0.7907444668008048,
            "f1_score": 0.7429111531190926,
            "specificity": 0.9892548768787975,
            "accuracy": 0.9831391024051575,
            "auc": 0.9806159631276627
        },
        "Bleeding": {
            "precision": 0.7954545454545454,
            "recall": 0.8774373259052924,
            "f1_score": 0.8344370860927153,
            "specificity": 0.9948646421099347,
            "accuracy": 0.9922514257376642,
            "auc": 0.9921293695530974
        },
        "Erosion": {
            "precision": 0.5912921348314607,
            "recall": 0.729004329004329,
            "f1_score": 0.6529662659945715,
            "specificity": 0.9611404153034653,
            "accuracy": 0.9445202082816762,
            "auc": 0.9635493326419412
        },
        "Erythema": {
            "precision": 0.41478439425051333,
            "recall": 0.6801346801346801,
            "f1_score": 0.5153061224489796,
            "specificity": 0.9820018945374172,
            "accuracy": 0.9764443342424994,
            "auc": 0.9757810714236353
        },
        "Foreign Body": {
            "precision": 0.7974025974025974,
            "recall": 0.9029411764705882,
            "f1_score": 0.8468965517241379,
            "specificity": 0.9950607902735562,
            "accuracy": 0.9931192660550459,
            "auc": 0.9913205308719232
        },
        "Lymphangiectasia": {
            "precision": 0.8259587020648967,
            "recall": 0.8163265306122449,
            "f1_score": 0.8211143695014663,
            "specificity": 0.9962632212299702,
            "accuracy": 0.9924373915199604,
            "auc": 0.9872131149357221
        },
        "Normal": {
            "precision": 0.989448192354264,
            "recall": 0.9310653536257834,
            "f1_score": 0.9593693655918487,
            "specificity": 0.9682704811443433,
            "accuracy": 0.9399330523183734,
            "auc": 0.9882148798623474
        },
        "Polyp": {
            "precision": 0.5178571428571429,
            "recall": 0.696,
            "f1_score": 0.5938566552901023,
            "specificity": 0.9792732855680655,
            "accuracy": 0.9704934292090256,
            "auc": 0.9739621929375639
        },
        "Ulcer": {
            "precision": 0.9416058394160584,
            "recall": 0.9020979020979021,
            "f1_score": 0.9214285714285714,
            "specificity": 0.9989902814590433,
            "accuracy": 0.9972725018596579,
            "auc": 0.9918570480384187
        },
        "Worms": {
            "precision": 1.0,
            "recall": 0.47058823529411764,
            "f1_score": 0.64,
            "specificity": 1.0,
            "accuracy": 0.9977684106124474,
            "auc": 0.9991321478790719
        }
    }
}