{
    "mean_auc": 0.9930888554125838,
    "balanced_accuracy": 0.8693226305489539,
    "avg_precision": 0.8739800626269852,
    "avg_sensitivity": 0.8693226305489539,
    "avg_f1": 0.8714587610088886,
    "avg_specificity": 0.9910770052443564,
    "class_wise_metrics": {
        "Angioectasia": {
            "precision": 0.8406374501992032,
            "recall": 0.8490945674044266,
            "f1_score": 0.8448448448448449,
            "specificity": 0.9948832747041894,
            "accuracy": 0.9903917679147037,
            "auc": 0.9898920867707042
        },
        "Bleeding": {
            "precision": 0.8638888888888889,
            "recall": 0.8662952646239555,
            "f1_score": 0.8650904033379694,
            "specificity": 0.9968934254739111,
            "accuracy": 0.9939871063724275,
            "auc": 0.9948205803542495
        },
        "Erosion": {
            "precision": 0.7860780984719864,
            "recall": 0.8017316017316017,
            "f1_score": 0.7938276896699529,
            "specificity": 0.9831742004406757,
            "accuracy": 0.9701834862385321,
            "auc": 0.9864967842466673
        },
        "Erythema": {
            "precision": 0.6941580756013745,
            "recall": 0.6801346801346801,
            "f1_score": 0.6870748299319728,
            "specificity": 0.9943795389958952,
            "accuracy": 0.9885940986858418,
            "auc": 0.9903694347963373
        },
        "Foreign Body": {
            "precision": 0.9069767441860465,
            "recall": 0.9176470588235294,
            "f1_score": 0.9122807017543859,
            "specificity": 0.9979736575481256,
            "accuracy": 0.9962806843540789,
            "auc": 0.997055191757554
        },
        "Lymphangiectasia": {
            "precision": 0.9136904761904762,
            "recall": 0.8950437317784257,
            "f1_score": 0.9042709867452136,
            "specificity": 0.9981632782316803,
            "accuracy": 0.9959707413835854,
            "auc": 0.9948548893784597
        },
        "Normal": {
            "precision": 0.9848903330625508,
            "recall": 0.9867339464474648,
            "f1_score": 0.9858112777981055,
            "specificity": 0.9516254876462938,
            "accuracy": 0.9783659806595586,
            "auc": 0.9970404509486647
        },
        "Polyp": {
            "precision": 0.8065217391304348,
            "recall": 0.742,
            "f1_score": 0.7729166666666667,
            "specificity": 0.9943065506653019,
            "accuracy": 0.9864864864864865,
            "auc": 0.982929567553736
        },
        "Ulcer": {
            "precision": 0.9715302491103203,
            "recall": 0.9545454545454546,
            "f1_score": 0.9629629629629629,
            "specificity": 0.9994951407295216,
            "accuracy": 0.9986982395239276,
            "auc": 0.9974423847009989
        },
        "Worms": {
            "precision": 0.9714285714285714,
            "recall": 1.0,
            "f1_score": 0.9855072463768116,
            "specificity": 0.9998754980079682,
            "accuracy": 0.9998760228118027,
            "auc": 0.9999871836184674
        }
    }
}