{
    "mean_auc": 0.9939713151111527,
    "balanced_accuracy": 0.8464360551742842,
    "avg_precision": 0.8620207365711853,
    "avg_sensitivity": 0.8464360551742842,
    "avg_f1": 0.8539189329354564,
    "avg_specificity": 0.9884619923573672,
    "class_wise_metrics": {
        "Angioectasia": {
            "precision": 0.8556485355648535,
            "recall": 0.8229376257545271,
            "f1_score": 0.838974358974359,
            "specificity": 0.9955868244323632,
            "accuracy": 0.9902677907265063,
            "auc": 0.9918513318478186
        },
        "Bleeding": {
            "precision": 0.8633879781420765,
            "recall": 0.8802228412256268,
            "f1_score": 0.8717241379310345,
            "specificity": 0.9968300259937869,
            "accuracy": 0.9942350607488222,
            "auc": 0.9963014615257871
        },
        "Erosion": {
            "precision": 0.7774846086191732,
            "recall": 0.7653679653679654,
            "f1_score": 0.7713787085514834,
            "specificity": 0.9831074313948054,
            "accuracy": 0.9675179766922887,
            "auc": 0.986468457984783
        },
        "Erythema": {
            "precision": 0.6679245283018868,
            "recall": 0.5959595959595959,
            "f1_score": 0.6298932384341637,
            "specificity": 0.9944426902431323,
            "accuracy": 0.9871063724274733,
            "auc": 0.9895665421715311
        },
        "Foreign Body": {
            "precision": 0.8978978978978979,
            "recall": 0.8794117647058823,
            "f1_score": 0.888558692421991,
            "specificity": 0.9978470111448835,
            "accuracy": 0.9953508554425986,
            "auc": 0.997117304368556
        },
        "Lymphangiectasia": {
            "precision": 0.9066265060240963,
            "recall": 0.8775510204081632,
            "f1_score": 0.8918518518518519,
            "specificity": 0.9980366077648997,
            "accuracy": 0.995474832630796,
            "auc": 0.9951254028388588
        },
        "Normal": {
            "precision": 0.9779144082193997,
            "recall": 0.9838040205094816,
            "f1_score": 0.9808503732554366,
            "specificity": 0.928998699609883,
            "accuracy": 0.9707413835854203,
            "auc": 0.9959832793982413
        },
        "Polyp": {
            "precision": 0.6976284584980237,
            "recall": 0.706,
            "f1_score": 0.7017892644135189,
            "specificity": 0.9902123848515865,
            "accuracy": 0.9814034217703943,
            "auc": 0.987364252814739
        },
        "Ulcer": {
            "precision": 0.9756944444444444,
            "recall": 0.9825174825174825,
            "f1_score": 0.9790940766550522,
            "specificity": 0.9995582481383315,
            "accuracy": 0.9992561368708158,
            "auc": 0.999941526351977
        },
        "Worms": {
            "precision": 1.0,
            "recall": 0.9705882352941176,
            "f1_score": 0.9850746268656716,
            "specificity": 1.0,
            "accuracy": 0.9998760228118027,
            "auc": 0.9999935918092336
        }
    }
}