{
    "mean_auc": 0.9895741387134447,
    "balanced_accuracy": 0.8634372347243244,
    "avg_precision": 0.8666417003480001,
    "avg_sensitivity": 0.8634372347243244,
    "avg_f1": 0.8644937317079895,
    "avg_specificity": 0.989961339279734,
    "class_wise_metrics": {
        "Angioectasia": {
            "precision": 0.8672199170124482,
            "recall": 0.8410462776659959,
            "f1_score": 0.8539325842696629,
            "specificity": 0.9959066197633515,
            "accuracy": 0.9911356310438879,
            "auc": 0.9851860121393535
        },
        "Bleeding": {
            "precision": 0.8689458689458689,
            "recall": 0.8495821727019499,
            "f1_score": 0.8591549295774648,
            "specificity": 0.997083623914284,
            "accuracy": 0.9938011405901315,
            "auc": 0.9825065999918411
        },
        "Erosion": {
            "precision": 0.8001730103806228,
            "recall": 0.8008658008658008,
            "f1_score": 0.8005192557334487,
            "specificity": 0.9845763504039527,
            "accuracy": 0.9714232581205058,
            "auc": 0.9844885678964601
        },
        "Erythema": {
            "precision": 0.6909090909090909,
            "recall": 0.6397306397306397,
            "f1_score": 0.6643356643356644,
            "specificity": 0.9946321439848437,
            "accuracy": 0.9880981899330523,
            "auc": 0.9882745994839459
        },
        "Foreign Body": {
            "precision": 0.8622589531680441,
            "recall": 0.9205882352941176,
            "f1_score": 0.8904694167852063,
            "specificity": 0.9968338399189463,
            "accuracy": 0.9952268782544011,
            "auc": 0.9864452030812325
        },
        "Lymphangiectasia": {
            "precision": 0.851063829787234,
            "recall": 0.9329446064139941,
            "f1_score": 0.8901251738525731,
            "specificity": 0.9964532269301413,
            "accuracy": 0.9951029010662038,
            "auc": 0.9925895930425046
        },
        "Normal": {
            "precision": 0.981651376146789,
            "recall": 0.9840481810043135,
            "f1_score": 0.9828483173467729,
            "specificity": 0.941222366710013,
            "accuracy": 0.9738408132903545,
            "auc": 0.9958954789879628
        },
        "Polyp": {
            "precision": 0.7770700636942676,
            "recall": 0.732,
            "f1_score": 0.7538619979402678,
            "specificity": 0.9932830092118731,
            "accuracy": 0.9851847260104141,
            "auc": 0.9838346340839303
        },
        "Ulcer": {
            "precision": 0.9816176470588235,
            "recall": 0.9335664335664335,
            "f1_score": 0.956989247311828,
            "specificity": 0.999684462955951,
            "accuracy": 0.9985122737416315,
            "auc": 0.9965271066179813
        },
        "Worms": {
            "precision": 0.9855072463768116,
            "recall": 1.0,
            "f1_score": 0.9927007299270073,
            "specificity": 0.999937749003984,
            "accuracy": 0.9999380114059013,
            "auc": 0.9999935918092336
        }
    }
}