{
    "mean_auc": 0.9917554968905311,
    "balanced_accuracy": 0.8312413310016238,
    "avg_precision": 0.8578842669054275,
    "avg_sensitivity": 0.8312413310016238,
    "avg_f1": 0.8432140051260323,
    "avg_specificity": 0.9883210279289045,
    "class_wise_metrics": {
        "Angioectasia": {
            "precision": 0.8580931263858093,
            "recall": 0.778672032193159,
            "f1_score": 0.8164556962025317,
            "specificity": 0.9959066197633515,
            "accuracy": 0.9892139846268286,
            "auc": 0.9881573418766516
        },
        "Bleeding": {
            "precision": 0.8635014836795252,
            "recall": 0.8105849582172702,
            "f1_score": 0.8362068965517241,
            "specificity": 0.997083623914284,
            "accuracy": 0.9929333002727498,
            "auc": 0.9954812417891934
        },
        "Erosion": {
            "precision": 0.7491638795986622,
            "recall": 0.7757575757575758,
            "f1_score": 0.7622288387920034,
            "specificity": 0.9799692862388997,
            "accuracy": 0.9653483758988346,
            "auc": 0.980534395163493
        },
        "Erythema": {
            "precision": 0.6890756302521008,
            "recall": 0.5521885521885522,
            "f1_score": 0.6130841121495327,
            "specificity": 0.9953268077044521,
            "accuracy": 0.987168361021572,
            "auc": 0.9810494163825393
        },
        "Foreign Body": {
            "precision": 0.8623595505617978,
            "recall": 0.9029411764705882,
            "f1_score": 0.882183908045977,
            "specificity": 0.9968971631205674,
            "accuracy": 0.9949169352839078,
            "auc": 0.9955615091781393
        },
        "Lymphangiectasia": {
            "precision": 0.8952095808383234,
            "recall": 0.8717201166180758,
            "f1_score": 0.8833087149187593,
            "specificity": 0.9977832668313382,
            "accuracy": 0.9951029010662038,
            "auc": 0.9958028867202264
        },
        "Normal": {
            "precision": 0.9778190030650105,
            "recall": 0.9866525596158542,
            "f1_score": 0.9822159205995544,
            "specificity": 0.9284785435630689,
            "accuracy": 0.9727870071906769,
            "auc": 0.995420662497276
        },
        "Polyp": {
            "precision": 0.7587719298245614,
            "recall": 0.692,
            "f1_score": 0.7238493723849372,
            "specificity": 0.9929631525076765,
            "accuracy": 0.9836350111579469,
            "auc": 0.9856346596724667
        },
        "Ulcer": {
            "precision": 0.94,
            "recall": 0.986013986013986,
            "f1_score": 0.962457337883959,
            "specificity": 0.9988640666414237,
            "accuracy": 0.9986362509298289,
            "auc": 0.9999247565510345
        },
        "Worms": {
            "precision": 0.9848484848484849,
            "recall": 0.9558823529411765,
            "f1_score": 0.9701492537313433,
            "specificity": 0.999937749003984,
            "accuracy": 0.9997520456236053,
            "auc": 0.9999880990742911
        }
    }
}