{
    "mean_auc": 0.9867449627022801,
    "balanced_accuracy": 0.8305751765072996,
    "avg_precision": 0.7973651097069915,
    "avg_sensitivity": 0.8305751765072996,
    "avg_f1": 0.806827750064452,
    "avg_specificity": 0.9871979636761694,
    "class_wise_metrics": {
        "Angioectasia": {
            "precision": 0.8891625615763546,
            "recall": 0.7263581488933601,
            "f1_score": 0.7995570321151716,
            "specificity": 0.9971218420211065,
            "accuracy": 0.9887800644681378,
            "auc": 0.974997538798509
        },
        "Bleeding": {
            "precision": 0.8681948424068768,
            "recall": 0.8440111420612814,
            "f1_score": 0.8559322033898306,
            "specificity": 0.997083623914284,
            "accuracy": 0.993677163401934,
            "auc": 0.9895133904470228
        },
        "Erosion": {
            "precision": 0.7285595337218984,
            "recall": 0.7575757575757576,
            "f1_score": 0.7427843803056027,
            "specificity": 0.978233291046271,
            "accuracy": 0.9624349119761964,
            "auc": 0.9778372147538201
        },
        "Erythema": {
            "precision": 0.547683923705722,
            "recall": 0.6767676767676768,
            "f1_score": 0.6054216867469879,
            "specificity": 0.989516892958636,
            "accuracy": 0.9837589883461443,
            "auc": 0.9805485653291147
        },
        "Foreign Body": {
            "precision": 0.9171779141104295,
            "recall": 0.8794117647058823,
            "f1_score": 0.8978978978978979,
            "specificity": 0.998290273556231,
            "accuracy": 0.9957847756012894,
            "auc": 0.985288157816318
        },
        "Lymphangiectasia": {
            "precision": 0.796875,
            "recall": 0.892128279883382,
            "f1_score": 0.8418156808803301,
            "specificity": 0.9950598517955539,
            "accuracy": 0.9928713116786512,
            "auc": 0.9922136439603393
        },
        "Normal": {
            "precision": 0.9775244299674267,
            "recall": 0.9769675266541874,
            "f1_score": 0.9772458989701632,
            "specificity": 0.9282184655396619,
            "accuracy": 0.9653483758988346,
            "auc": 0.9931188862640724
        },
        "Polyp": {
            "precision": 0.7281795511221946,
            "recall": 0.584,
            "f1_score": 0.6481687014428413,
            "specificity": 0.9930271238485159,
            "accuracy": 0.9803496156707165,
            "auc": 0.9754276484135106
        },
        "Ulcer": {
            "precision": 0.8964401294498382,
            "recall": 0.9685314685314685,
            "f1_score": 0.9310924369747899,
            "specificity": 0.9979805629180866,
            "accuracy": 0.9974584676419539,
            "auc": 0.9986409841578338
        },
        "Worms": {
            "precision": 0.6238532110091743,
            "recall": 1.0,
            "f1_score": 0.768361581920904,
            "specificity": 0.9974477091633466,
            "accuracy": 0.9974584676419539,
            "auc": 0.9998635970822592
        }
    }
}