{
    "mean_auc": 0.4807286201755459,
    "balanced_accuracy": 0.1,
    "avg_precision": 0.0030808331267046865,
    "avg_sensitivity": 0.1,
    "avg_f1": 0.00597750917072584,
    "avg_specificity": 0.9,
    "class_wise_metrics": {
        "Angioectasia": {
            "precision": 0.030808331267046865,
            "recall": 1.0,
            "f1_score": 0.05977509170725841,
            "specificity": 0.0,
            "accuracy": 0.030808331267046865,
            "auc": 0.4435045836258356
        },
        "Bleeding": {
            "precision": 0.0,
            "recall": 0.0,
            "f1_score": 0.0,
            "specificity": 1.0,
            "accuracy": 0.9777460947185718,
            "auc": 0.5555087172519169
        },
        "Erosion": {
            "precision": 0.0,
            "recall": 0.0,
            "f1_score": 0.0,
            "specificity": 1.0,
            "accuracy": 0.9284031738160179,
            "auc": 0.3637047802301191
        },
        "Erythema": {
            "precision": 0.0,
            "recall": 0.0,
            "f1_score": 0.0,
            "specificity": 1.0,
            "accuracy": 0.9815893875526903,
            "auc": 0.4168240663662198
        },
        "Foreign Body": {
            "precision": 0.0,
            "recall": 0.0,
            "f1_score": 0.0,
            "specificity": 1.0,
            "accuracy": 0.9789238780064469,
            "auc": 0.5202848426604685
        },
        "Lymphangiectasia": {
            "precision": 0.0,
            "recall": 0.0,
            "f1_score": 0.0,
            "specificity": 1.0,
            "accuracy": 0.9787379122241507,
            "auc": 0.545171316266796
        },
        "Normal": {
            "precision": 0.0,
            "recall": 0.0,
            "f1_score": 0.0,
            "specificity": 1.0,
            "accuracy": 0.23834614430944706,
            "auc": 0.4212216216342074
        },
        "Polyp": {
            "precision": 0.0,
            "recall": 0.0,
            "f1_score": 0.0,
            "specificity": 1.0,
            "accuracy": 0.9690057029506571,
            "auc": 0.5018175537359263
        },
        "Ulcer": {
            "precision": 0.0,
            "recall": 0.0,
            "f1_score": 0.0,
            "specificity": 1.0,
            "accuracy": 0.9822712620877758,
            "auc": 0.4676454272724625
        },
        "Worms": {
            "precision": 0.0,
            "recall": 0.0,
            "f1_score": 0.0,
            "specificity": 1.0,
            "accuracy": 0.9957847756012894,
            "auc": 0.5716032927115069
        }
    }
}